lat,long,prof_km,mag_m,mag_ms,mag_mw,type,fecha,hora
-16.6,-71.3,30,7.6,0.0,0.0,historico,1552-07-02,05:30:00
-11.9,-77.6,30,0.0,8.4,0.0,historico,1555-11-14,19:00:00
-12.3,-77.7,30,6.6,6.4,0.0,historico,1568-04-03,19:00:00
-16.6,-71.6,30,0.0,8.2,7.5,historico,1582-01-22,11:30:00
-12.2,-77.6,30,0.0,7.8,0.0,historico,1582-08-14,19:00:00
-11.8,-77.8,30,0.0,8.4,0.0,historico,1584-03-16,19:00:00
-12.109,-77.028,40,7.7,8.6,0.0,historico,1586-07-09,19:30:00
-16.77,-70.9,20,0.0,7.9,0.0,historico,1600-02-19,05:00:00
-16.6,-70.8,20,0.0,8.1,0.0,historico,1600-02-28,15:00:00
-17.88,-70.94,30,7.0,9.4,0.0,historico,1604-11-24,13:30:00
-7.0,-80.3,40,0.0,6.5,0.0,historico,1606-03-23,15:00:00
-11.8,-77.8,60,6.8,0.0,0.0,historico,1606-10-25,08:00:00
-11.9,-77.4,40,7.4,8.6,0.0,historico,1609-10-19,20:00:00
-18.25,-71.0,40,0.0,8.8,0.0,historico,1615-09-15,19:00:00
-7.941,-79.038,40,7.7,8.6,8.7,historico,1619-02-14,11:30:00
-12.2,-77.5,30,7.5,0.0,0.0,historico,1630-11-27,10:30:00
-13.6,-72.2,70,7.4,0.0,0.0,historico,1650-03-31,11:10:00
-13.5,-71.7,30,0.0,7.2,0.0,historico,1650-03-31,14:00:00
-12.3,-77.6,30,7.7,8.8,0.0,historico,1655-11-13,14:45:00
-8.2,-80.1,40,7.7,0.0,0.0,historico,1658-02-13,19:00:00
-14.1,-75.85,15,0.0,7.3,0.0,historico,1664-05-12,04:15:00
-12.3,-77.8,40,0.0,0.0,7.7,historico,1678-06-15,20:45:00
-12.55,-77.0,40,6.4,5.9,0.0,historico,1687-10-20,04:15:00
-13.231,-76.507,30,0.0,8.2,8.6,historico,1687-10-20,05:30:00
-16.4,-71.6,60,0.0,7.2,8.0,historico,1687-10-21,07:00:00
-12.55,-77.0,40,0.0,7.2,0.0,historico,1690-11-20,14:30:00
-12.8,-77.7,20,6.7,0.0,0.0,historico,1696-07-14,04:00:00
-12.3,-77.4,30,7.3,0.0,0.0,historico,1697-09-29,08:30:00
-11.8,-77.5,40,7.7,7.8,0.0,historico,1699-07-14,04:00:00
-13.9,-72.1,10,4.1,0.0,0.0,historico,1700-08-02,16:00:00
-13.9,-72.1,10,4.4,0.0,0.0,historico,1707-09-18,00:00:00
-12.6,-77.5,60,4.6,0.0,0.0,historico,1709-05-23,02:00:00
-12.3,-77.3,60,6.3,0.0,0.0,historico,1709-12-20,05:00:00
-13.2,-74.4,20,4.6,0.0,0.0,historico,1719-06-16,19:00:00
-11.8,-77.6,50,0.0,6.9,0.0,historico,1732-12-02,01:00:00
-3.1,-78.1,0,0.0,6.8,0.0,historico,1741-08-24,19:00:00
-13.77,-72.1,20,0.0,4.8,0.0,historico,1744-11-19,06:30:00
-14.0,-71.7,20,4.9,0.0,0.0,historico,1746-02-10,19:00:00
-11.996,-77.198,30,0.0,8.4,8.8,historico,1746-10-28,22:30:00
-8.58,-78.1,20,4.9,0.0,0.0,historico,1747-03-14,13:30:00
-13.9,-70.35,20,0.0,6.2,0.0,historico,1747-03-18,19:00:00
-4.0,-79.3,0,0.0,7.4,0.0,historico,1749-01-19,19:00:00
-8.134,-79.932,50,0.0,5.9,0.0,historico,1759-09-02,23:15:00
-11.8,-77.4,50,0.0,5.3,0.0,historico,1777-01-26,03:00:00
-16.5,-72.0,27,7.8,8.0,8.4,historico,1784-05-13,07:36:00
-12.2,-77.4,40,4.9,0.0,0.0,historico,1794-09-06,19:00:00
-12.2,-77.4,40,4.9,0.0,0.0,historico,1799-01-21,16:00:00
-16.8,-71.8,25,4.8,0.0,0.0,historico,1812-01-03,11:45:00
-16.107,-72.967,90,0.0,8.2,0.0,historico,1821-07-10,08:00:00
-16.4,-71.6,0,0.0,7.9,0.0,historico,1821-07-10,13:10:00
-18.251,-71.01,60,0.0,7.7,7.2,historico,1833-09-18,05:45:00
-11.0,-75.0,20,0.0,5.3,0.0,historico,1839-07-04,19:30:00
-12.3,-77.3,40,4.8,0.0,0.0,historico,1840-01-28,03:00:00
-16.6,-71.6,30,4.7,0.0,0.0,historico,1845-06-03,22:45:00
-13.803,-73.419,20,4.5,0.0,0.0,historico,1861-04-13,17:30:00
-16.4,-71.56,0,0.0,0.0,8.8,historico,1868-08-13,16:23:00
-18.29,-70.59,25,0.0,8.6,0.0,historico,1868-08-13,16:46:00
-17.5,-72.0,30,0.0,8.4,0.0,historico,1869-08-24,13:45:00
-16.6,-71.65,30,4.9,0.0,0.0,historico,1869-11-03,19:30:00
-13.4,-72.7,20,4.9,0.0,0.0,historico,1875-12-05,21:30:00
-16.0,-68.0,20,0.0,5.2,0.0,historico,1877-05-16,19:00:00
-20.05,-77.0,40,0.0,7.9,0.0,historico,1878-01-22,19:00:00
-15.5,-68.5,5,0.0,6.2,0.0,historico,1891-08-15,06:03:00
-11.913,-76.791,70,0.0,7.7,0.0,historico,1897-09-20,11:25:00
-14.177,-76.32,80,0.0,6.7,0.0,historico,1901-11-21,14:19:00
-9.0,-78.4,80,0.0,6.8,0.0,historico,1902-01-02,09:08:00
-4.0,-79.2,0,0.0,6.8,0.0,historico,1904-05-04,11:00:00
-13.67,-71.87,7,4.1,0.0,0.0,historico,1905-01-23,06:15:00
-6.172,-77.494,150,6.7,7.9,0.0,historico,1906-09-28,10:24:54
-4.0,-79.2,0,0.0,6.2,0.0,historico,1907-11-17,05:15:00
-3.42,-79.61,50,0.0,7.7,0.0,historico,1913-02-23,21:30:00
-16.6,-73.3,30,0.0,7.0,0.0,historico,1913-07-28,01:40:00
-15.8,-73.5,80,0.0,7.8,0.0,historico,1913-08-06,17:14:24
-15.242,-73.346,15,4.3,0.0,0.0,historico,1914-12-02,18:55:00
-15.2,-75.0,70,0.0,6.7,0.0,historico,1915-12-27,10:48:00
-15.155,-73.93,90,0.0,7.3,0.0,historico,1915-12-28,18:40:00
-12.967,-74.064,120,0.0,6.9,0.0,historico,1916-02-08,10:35:00
-15.133,-74.173,80,0.0,7.1,0.0,historico,1920-10-07,15:54:00
-4.11,-72.04,630,7.5,7.9,0.0,historico,1921-12-18,10:29:35
-16.5,-73.0,0,0.0,7.2,0.0,historico,1922-01-06,09:11:02
-3.76,-71.89,635,0.0,7.6,0.0,historico,1922-01-16,22:50:33
-16.0,-72.5,50,7.6,7.4,0.0,historico,1922-10-11,09:49:50
-4.0,-82.0,60,0.0,6.8,0.0,historico,1924-03-11,17:44:23
-2.0,-72.0,0,0.0,6.9,0.0,historico,1924-03-15,20:22:36
-14.0,-73.5,200,0.0,6.5,0.0,historico,1925-01-05,08:45:46
-8.0,-75.0,0,0.0,6.9,0.0,historico,1925-09-12,04:26:00
-18.0,-73.0,0,0.0,6.9,0.0,historico,1925-10-24,23:30:00
-9.5,-84.0,0,0.0,6.8,0.0,historico,1926-03-07,15:32:30
-5.27,-77.45,93,0.0,6.5,0.0,historico,1926-03-07,15:33:38
-12.52,-77.073,80,0.0,7.2,0.0,historico,1926-03-11,05:41:54
-17.0,-78.5,0,0.0,6.8,0.0,historico,1926-06-04,20:20:15
-5.0,-81.5,0,0.0,6.8,0.0,historico,1926-07-01,15:29:30
-2.5,-71.0,0,0.0,6.8,0.0,historico,1926-07-13,20:38:40
-6.0,-81.5,0,0.0,6.0,0.0,historico,1927-03-13,00:32:26
-10.0,-70.0,600,0.0,6.0,0.0,historico,1927-04-06,13:54:05
-13.0,-69.5,30,0.0,6.9,0.0,historico,1928-04-09,12:34:15
-13.0,-69.5,259,0.0,6.8,0.0,historico,1928-04-27,15:34:58
-5.194,-78.335,30,6.2,7.3,0.0,historico,1928-05-14,17:14:46
-5.454,-77.873,70,5.4,7.0,0.0,historico,1928-07-18,14:05:00
-15.0,-70.5,250,0.0,6.8,0.0,historico,1928-09-21,08:27:05
-8.5,-75.5,150,0.0,6.8,0.0,historico,1929-05-25,06:59:38
-9.5,-70.5,650,0.0,6.5,0.0,historico,1930-08-04,00:04:31
-3.44,-77.51,135,0.0,6.3,0.0,historico,1930-11-24,01:06:48
-9.25,-79.0,0,0.0,6.3,0.0,historico,1931-04-02,20:56:11
-14.5,-75.5,0,0.0,6.0,0.0,historico,1931-06-15,06:19:55
-14.139,-71.36,15,4.0,0.0,0.0,historico,1931-06-18,09:35:00
-8.5,-74.5,120,0.0,6.3,0.0,historico,1931-07-11,00:56:13
-11.881,-77.734,40,0.0,6.7,0.0,historico,1932-01-19,21:30:50
-6.5,-81.5,0,6.4,0.0,0.0,historico,1932-06-24,21:31:41
-6.0,-81.0,50,0.0,6.0,0.0,historico,1932-09-05,01:23:50
-15.379,-74.348,90,0.0,6.5,0.0,historico,1932-12-09,03:34:55
-15.75,-75.25,80,0.0,6.0,0.0,historico,1933-07-22,23:13:11
-15.5,-75.5,80,0.0,6.0,0.0,historico,1933-07-31,10:23:07
-13.151,-76.526,60,0.0,6.5,0.0,historico,1933-08-05,21:54:52
-13.0,-80.0,0,0.0,5.6,0.0,historico,1933-08-20,17:59:16
-13.0,-80.0,0,0.0,5.6,0.0,historico,1933-08-22,04:49:58
-10.9,-69.5,65,0.0,6.5,0.0,historico,1933-08-29,09:52:36
-7.0,-75.25,120,0.0,6.3,0.0,historico,1933-09-30,21:40:42
-2.0,-81.0,0,0.0,6.9,0.0,historico,1933-10-02,10:29:21
-1.75,-80.75,0,0.0,6.3,0.0,historico,1933-10-03,05:21:00
-1.75,-80.75,0,0.0,6.0,0.0,historico,1933-10-03,09:21:49
-5.0,-81.5,0,5.2,0.0,0.0,historico,1933-12-29,03:17:01
-5.0,-78.0,110,0.0,6.3,0.0,historico,1934-10-29,18:25:23
-19.5,-69.5,11,0.0,6.9,0.0,historico,1934-12-04,12:24:38
-9.82,-77.43,25,4.6,0.0,0.0,historico,1935-03-05,17:35:00
-12.0,-78.0,150,0.0,5.8,0.0,historico,1935-03-08,21:54:37
-15.5,-73.0,120,0.0,6.0,0.0,historico,1935-03-26,14:54:47
-15.5,-70.0,250,0.0,6.5,0.0,historico,1935-09-19,04:55:47
-8.0,-75.0,160,0.0,6.0,0.0,historico,1936-05-05,22:38:55
-18.0,-70.0,140,0.0,6.0,0.0,historico,1936-07-04,03:52:35
-16.0,-72.5,130,5.5,5.8,0.0,historico,1936-09-16,12:44:13
-13.5,-75.0,120,5.4,5.5,0.0,historico,1937-03-28,07:21:42
-15.5,-71.0,120,0.0,6.8,0.0,historico,1937-03-29,02:49:47
-7.729,-77.981,20,4.4,0.0,0.0,historico,1937-04-07,19:00:00
-7.73,-77.98,10,3.9,0.0,0.0,historico,1937-04-16,19:00:00
-8.268,-79.233,60,5.8,6.8,0.0,historico,1937-06-21,10:13:04
-9.0,-79.0,150,5.5,5.8,0.0,historico,1937-06-22,00:34:03
-7.8,-80.3,0,5.4,0.0,0.0,historico,1937-06-24,09:57:18
-16.0,-72.0,180,5.6,6.0,0.0,historico,1937-07-09,12:27:40
-14.7,-69.9,0,4.7,0.0,0.0,historico,1937-10-02,11:22:24
-13.5,-77.0,90,5.3,5.3,0.0,historico,1937-10-14,22:41:15
-15.5,-68.5,20,0.0,4.5,0.0,historico,1937-11-02,19:00:00
-10.0,-73.5,120,5.4,5.5,0.0,historico,1937-11-07,04:08:43
-10.55,-75.63,25,5.7,6.2,0.0,historico,1937-12-24,01:20:40
-6.0,-75.0,100,5.6,6.0,0.0,historico,1938-01-16,16:41:47
-7.2,-80.3,0,5.8,0.0,0.0,historico,1938-09-09,12:27:12
-12.87,-76.42,80,5.7,6.3,0.0,historico,1939-04-25,07:53:37
-14.148,-71.635,20,0.0,6.3,0.0,historico,1939-06-23,23:22:24
-18.5,-70.5,130,5.5,5.8,0.0,historico,1939-09-13,13:03:30
-11.5,-75.5,60,5.6,6.0,0.0,historico,1939-09-20,01:53:12
-15.0,-75.5,0,5.5,5.6,0.0,historico,1939-11-18,02:42:15
-8.5,-77.5,130,5.4,5.5,0.0,historico,1939-11-26,01:26:18
-17.0,-74.0,100,5.4,5.5,0.0,historico,1939-12-13,13:45:24
-11.5,-77.0,50,5.4,5.6,0.0,historico,1940-01-30,06:56:55
-6.5,-81.0,0,5.4,5.6,0.0,historico,1940-05-04,11:44:30
-7.0,-80.0,0,5.6,6.0,0.0,historico,1940-05-04,21:03:42
-11.22,-77.79,50,6.6,8.0,7.9,historico,1940-05-24,11:33:57
-14.0,-74.0,120,5.4,5.5,0.0,historico,1940-08-04,11:07:05
-11.5,-75.0,110,5.6,6.0,0.0,historico,1940-08-25,21:27:59
-17.8,-70.4,0,4.7,0.0,0.0,historico,1940-10-04,23:46:36
-17.8,-70.4,200,4.7,0.0,0.0,historico,1940-10-06,10:35:42
-17.8,-70.4,200,4.0,0.0,0.0,historico,1940-10-11,21:58:54
-17.8,-70.4,200,4.9,0.0,0.0,historico,1940-10-15,02:54:18
-2.0,-76.0,140,5.6,6.0,0.0,historico,1940-10-22,21:23:15
-3.25,-76.75,120,5.8,6.5,0.0,historico,1941-01-24,00:44:03
-14.486,-74.48,110,0.0,6.2,0.0,historico,1941-05-11,00:08:00
-13.67,-71.96,100,7.0,7.0,0.0,historico,1941-09-18,08:14:09
-16.0,-73.5,100,5.6,0.0,0.0,historico,1941-10-14,19:07:06
-15.5,-74.0,110,0.0,6.0,0.0,historico,1941-10-15,04:35:15
-6.0,-78.5,110,5.6,6.0,0.0,historico,1942-01-08,10:12:31
-2.0,-76.9,0,0.0,6.2,0.0,historico,1942-06-12,05:21:30
-15.549,-74.742,70,6.7,8.1,8.2,historico,1942-08-24,17:50:27
-6.0,-77.0,130,5.9,6.8,0.0,historico,1942-11-06,08:31:10
-5.0,-80.7,0,5.7,0.0,0.0,historico,1943-01-06,04:51:03
-14.2,-71.5,25,0.0,5.0,0.0,historico,1943-01-31,00:00:00
-15.0,-72.0,190,6.0,7.0,0.0,historico,1943-02-16,02:28:35
-6.5,-76.0,140,5.8,6.5,0.0,historico,1943-04-04,22:08:58
-16.0,-74.0,0,5.9,6.8,0.0,historico,1943-07-05,16:07:54
-17.0,-70.0,160,5.5,5.8,0.0,historico,1943-07-06,04:40:00
-13.57,-71.96,30,3.7,0.0,0.0,historico,1944-01-31,19:00:00
-14.5,-70.5,200,5.4,7.0,0.0,historico,1944-02-28,22:41:53
-10.0,-71.0,600,5.7,6.3,0.0,historico,1944-06-07,21:38:04
-5.0,-80.8,0,4.5,0.0,0.0,historico,1945-02-06,18:27:49
-16.5,-71.7,15,3.8,0.0,0.0,historico,1945-02-08,04:40:00
-17.7,-70.0,30,3.9,0.0,0.0,historico,1945-02-08,21:25:00
-10.8,-78.3,60,4.2,0.0,0.0,historico,1945-02-09,11:10:00
-10.8,-78.3,60,4.7,0.0,0.0,historico,1945-02-10,15:30:00
-10.8,-78.3,60,4.7,0.0,0.0,historico,1945-02-17,08:45:00
-10.8,-78.3,60,4.2,0.0,0.0,historico,1945-02-17,13:35:00
-13.0,-76.8,40,4.5,0.0,0.0,historico,1945-02-26,22:37:00
-12.7,-77.8,40,4.5,0.0,0.0,historico,1945-03-06,12:10:00
-11.66,-76.32,30,3.0,0.0,0.0,historico,1945-03-13,21:00:00
-11.5,-78.1,30,4.8,0.0,0.0,historico,1945-03-14,00:45:00
-4.4,-81.6,30,4.5,0.0,0.0,historico,1945-03-15,16:20:00
-13.5,-75.26,25,3.4,0.0,0.0,historico,1945-03-16,03:35:00
-13.5,-75.26,25,3.4,0.0,0.0,historico,1945-03-17,09:15:00
-15.6,-74.8,60,4.3,0.0,0.0,historico,1945-03-18,08:45:00
-12.0,-77.8,40,4.8,0.0,0.0,historico,1945-03-21,18:45:00
-15.2,-73.1,25,4.0,0.0,0.0,historico,1945-03-26,20:45:00
-16.5,-71.9,25,3.6,0.0,0.0,historico,1945-03-27,21:15:00
-5.0,-79.43,30,3.1,0.0,0.0,historico,1945-03-28,19:50:00
-15.9,-73.2,20,3.9,0.0,0.0,historico,1945-03-29,10:30:00
-16.5,-72.0,25,3.5,0.0,0.0,historico,1945-03-29,22:00:00
-9.6,-75.9,30,3.9,0.0,0.0,historico,1945-04-04,05:10:00
-5.85,-77.0,30,3.9,0.0,0.0,historico,1945-04-06,04:00:00
-4.4,-81.6,30,4.3,0.0,0.0,historico,1945-04-07,12:56:00
-13.5,-75.26,30,3.5,0.0,0.0,historico,1945-04-11,04:54:00
-17.0,-71.6,25,4.2,0.0,0.0,historico,1945-04-14,01:47:00
-7.7,-79.6,50,4.5,0.0,0.0,historico,1945-04-15,07:13:00
-16.6,-71.8,30,3.4,0.0,0.0,historico,1945-04-29,22:50:00
-18.2,-69.95,30,3.8,0.0,0.0,historico,1945-05-02,00:55:00
-4.6,-81.6,30,4.9,0.0,0.0,historico,1945-05-02,00:58:00
-5.2,-81.4,30,4.6,0.0,0.0,historico,1945-05-02,04:30:00
-10.6,-75.7,25,4.2,0.0,0.0,historico,1945-05-02,04:45:00
-12.0,-77.8,40,4.8,0.0,0.0,historico,1945-05-06,05:00:00
-5.3,-80.55,80,4.7,0.0,0.0,historico,1945-05-07,04:30:00
-13.5,-75.26,30,3.0,0.0,0.0,historico,1945-05-11,00:00:00
-12.0,-77.8,40,4.3,0.0,0.0,historico,1945-05-13,21:30:00
-4.4,-81.6,30,4.4,0.0,0.0,historico,1945-05-16,08:45:00
-13.5,-75.26,25,3.4,0.0,0.0,historico,1945-05-24,10:30:00
-12.0,-77.8,40,4.3,0.0,0.0,historico,1945-05-30,15:00:00
-15.06,-74.68,20,3.4,0.0,0.0,historico,1945-05-31,04:55:00
-8.2,-79.2,50,3.8,0.0,0.0,historico,1945-06-01,03:50:00
-15.5,-73.0,110,5.0,0.0,0.0,historico,1945-06-04,05:20:00
-13.6,-76.6,50,4.3,0.0,0.0,historico,1945-06-09,21:22:00
-5.0,-80.8,0,4.5,0.0,0.0,historico,1945-06-14,14:05:40
-11.6,-77.5,60,4.0,0.0,0.0,historico,1945-06-15,06:46:00
-11.6,-77.5,60,4.0,0.0,0.0,historico,1945-06-15,10:46:00
-15.6,-74.8,60,4.3,0.0,0.0,historico,1945-06-18,02:00:00
-15.6,-74.8,60,4.3,0.0,0.0,historico,1945-06-20,01:00:00
-15.6,-74.8,60,4.3,0.0,0.0,historico,1945-06-26,00:00:00
-16.5,-72.1,30,3.3,0.0,0.0,historico,1945-07-07,11:25:00
-12.0,-77.8,50,4.3,0.0,0.0,historico,1945-07-09,20:02:00
-16.5,-72.1,15,3.6,0.0,0.0,historico,1945-07-13,08:28:00
-12.0,-77.8,40,4.3,0.0,0.0,historico,1945-07-14,16:30:00
-16.608,-72.222,70,4.6,0.0,0.0,historico,1945-07-18,01:32:36
-11.8,-77.6,40,4.6,0.0,0.0,historico,1945-07-21,03:30:00
-17.9,-70.3,30,3.5,0.0,0.0,historico,1945-07-23,05:25:00
-13.0,-76.2,80,4.7,0.0,0.0,historico,1945-07-26,09:20:00
-5.85,-77.0,30,4.1,0.0,0.0,historico,1945-08-03,19:00:00
-15.6,-74.8,90,4.2,0.0,0.0,historico,1945-08-07,05:30:00
-13.0,-76.2,80,4.7,0.0,0.0,historico,1945-08-07,15:15:00
-12.8,-77.4,90,5.0,0.0,0.0,historico,1945-08-09,23:23:00
-17.0,-71.1,30,3.7,0.0,0.0,historico,1945-08-10,03:47:00
-12.0,-77.8,40,4.3,0.0,0.0,historico,1945-08-16,13:15:00
-11.0,-76.0,30,4.4,0.0,0.0,historico,1945-08-19,00:30:26
-15.6,-74.8,90,4.7,0.0,0.0,historico,1945-08-20,01:00:00
-11.565,-76.1,150,5.9,6.8,0.0,historico,1945-08-21,11:29:37
-8.6,-79.6,60,4.8,0.0,0.0,historico,1945-08-30,01:25:00
-18.1,-70.0,30,3.7,0.0,0.0,historico,1945-09-05,03:25:00
-14.5,-76.0,40,4.2,0.0,0.0,historico,1945-09-09,04:30:00
-15.248,-76.281,40,0.0,6.1,0.0,historico,1945-09-09,07:56:20
-9.6,-78.6,70,4.1,0.0,0.0,historico,1945-09-13,13:00:00
-17.0,-71.2,30,3.8,0.0,0.0,historico,1945-09-16,10:56:00
-12.0,-77.8,40,4.3,0.0,0.0,historico,1945-09-21,05:34:00
-5.5,-80.9,50,4.0,0.0,0.0,historico,1945-09-22,08:10:00
-13.0,-76.2,80,4.2,0.0,0.0,historico,1945-09-23,06:05:00
-13.0,-76.2,80,4.7,0.0,0.0,historico,1945-09-25,12:45:00
-6.436,-77.125,20,5.6,6.1,0.0,historico,1945-09-28,23:27:46
-16.5,-72.1,35,3.3,0.0,0.0,historico,1945-09-29,20:43:00
-6.2,-77.3,40,3.8,0.0,0.0,historico,1945-09-30,22:15:00
-6.47,-77.17,40,3.6,0.0,0.0,historico,1945-10-01,00:15:00
-16.2,-71.8,30,3.7,0.0,0.0,historico,1945-10-02,17:43:00
-12.0,-77.8,40,4.6,0.0,0.0,historico,1945-10-04,19:30:00
-6.47,-77.17,40,4.4,0.0,0.0,historico,1945-10-04,23:15:00
-6.47,-77.17,40,4.1,0.0,0.0,historico,1945-10-05,06:15:00
-12.0,-77.8,40,4.3,0.0,0.0,historico,1945-10-07,23:05:00
-17.0,-72.2,60,4.1,0.0,0.0,historico,1945-10-17,11:50:00
-12.1,-77.6,30,4.5,0.0,0.0,historico,1945-10-20,07:00:00
-10.8,-78.2,50,4.0,0.0,0.0,historico,1945-10-21,07:45:00
-3.5,-80.7,40,3.6,0.0,0.0,historico,1945-10-24,16:15:00
-17.0,-70.9,35,3.2,0.0,0.0,historico,1945-10-28,02:20:00
-3.5,-80.7,40,4.1,0.0,0.0,historico,1945-10-31,05:23:00
-7.3,-78.5,20,3.3,0.0,0.0,historico,1945-11-05,21:35:00
-14.9,-75.1,90,4.9,0.0,0.0,historico,1945-11-12,10:34:00
-12.5,-76.3,100,5.0,0.0,0.0,historico,1945-11-21,12:00:00
-13.3,-76.2,90,4.4,0.0,0.0,historico,1945-11-21,13:55:00
-13.6,-76.6,60,4.4,0.0,0.0,historico,1945-11-22,02:07:00
-11.0,-69.0,700,0.0,6.1,0.0,historico,1945-11-25,20:03:58
-15.6,-74.8,60,4.3,0.0,0.0,historico,1945-11-26,20:30:00
-13.0,-76.2,80,4.2,0.0,0.0,historico,1945-11-27,10:55:00
-12.0,-77.8,40,4.3,0.0,0.0,historico,1945-11-28,08:56:00
-17.0,-71.2,30,3.8,0.0,0.0,historico,1945-11-30,03:40:00
-13.5,-75.26,25,3.4,0.0,0.0,historico,1945-12-06,21:00:00
-12.0,-77.8,40,4.3,0.0,0.0,historico,1945-12-12,03:25:00
-13.5,-75.26,30,3.0,0.0,0.0,historico,1945-12-14,20:15:00
-6.2,-77.3,40,4.1,0.0,0.0,historico,1945-12-15,00:32:00
-16.5,-72.1,15,4.1,0.0,0.0,historico,1945-12-20,02:00:00
-12.0,-77.8,40,4.3,0.0,0.0,historico,1945-12-21,07:56:00
-10.6,-75.65,30,4.2,0.0,0.0,historico,1945-12-28,20:00:00
-14.9,-75.1,90,4.7,0.0,0.0,historico,1946-01-01,10:25:00
-10.6,-75.65,25,4.4,0.0,0.0,historico,1946-01-05,02:38:00
-12.0,-77.8,40,4.3,0.0,0.0,historico,1946-01-15,03:55:00
-15.8,-74.6,50,4.3,0.0,0.0,historico,1946-02-04,19:30:00
-11.8,-75.1,40,3.4,0.0,0.0,historico,1946-02-06,17:52:00
-12.0,-77.8,40,4.3,0.0,0.0,historico,1946-02-08,17:00:00
-13.0,-76.2,80,4.7,0.0,0.0,historico,1946-02-14,20:30:00
-5.65,-78.0,40,4.4,0.0,0.0,historico,1946-02-17,03:40:00
-12.0,-77.5,40,4.1,0.0,0.0,historico,1946-02-17,18:14:00
-13.57,-71.96,25,3.4,0.0,0.0,historico,1946-02-21,05:48:00
-11.8,-77.5,40,3.8,0.0,0.0,historico,1946-03-05,21:15:00
-11.15,-75.9,30,3.9,0.0,0.0,historico,1946-03-09,23:24:00
-4.4,-81.6,30,4.6,0.0,0.0,historico,1946-03-18,05:25:00
-15.6,-74.8,50,4.2,0.0,0.0,historico,1946-03-27,10:30:00
-9.8,-78.6,50,4.6,0.0,0.0,historico,1946-04-04,10:48:00
-12.0,-77.8,40,4.3,0.0,0.0,historico,1946-04-06,12:50:00
-12.0,-77.8,40,4.3,0.0,0.0,historico,1946-04-09,05:50:00
-15.6,-74.8,60,4.3,0.0,0.0,historico,1946-04-13,13:00:00
-15.6,-74.8,60,4.3,0.0,0.0,historico,1946-04-16,18:30:00
-12.0,-77.8,40,4.3,0.0,0.0,historico,1946-04-17,04:40:00
-13.44,-72.51,25,3.6,0.0,0.0,historico,1946-04-17,12:30:00
-13.5,-76.0,90,4.2,0.0,0.0,historico,1946-05-05,05:00:00
-16.5,-71.72,20,3.5,0.0,0.0,historico,1946-05-06,12:30:00
-15.65,-74.15,20,4.1,0.0,0.0,historico,1946-05-07,18:18:00
-17.9,-70.0,30,3.7,0.0,0.0,historico,1946-05-08,10:45:00
-12.0,-77.8,40,4.8,0.0,0.0,historico,1946-05-10,04:10:00
-18.1,-69.85,30,3.4,0.0,0.0,historico,1946-05-22,09:20:00
-17.3,-72.4,30,4.2,0.0,0.0,historico,1946-05-26,04:00:00
-17.3,-72.4,30,4.2,0.0,0.0,historico,1946-05-26,23:15:00
-11.2,-78.0,40,3.9,0.0,0.0,historico,1946-05-29,05:50:00
-13.544,-71.964,25,3.3,0.0,0.0,historico,1946-05-30,11:56:00
-15.6,-74.8,60,3.8,0.0,0.0,historico,1946-06-01,23:15:00
-10.7,-78.2,40,3.9,0.0,0.0,historico,1946-06-04,08:35:00
-11.66,-76.32,30,3.0,0.0,0.0,historico,1946-06-05,23:00:00
-5.85,-77.0,30,4.4,0.0,0.0,historico,1946-06-10,12:00:00
-17.3,-72.4,30,4.2,0.0,0.0,historico,1946-06-15,23:05:00
-3.617,-81.331,30,4.9,0.0,0.0,historico,1946-06-26,15:20:00
-17.8,-70.2,30,3.6,0.0,0.0,historico,1946-06-27,06:45:00
-5.6,-78.96,20,3.4,0.0,0.0,historico,1946-07-01,06:00:00
-8.3,-79.4,40,4.7,0.0,0.0,historico,1946-07-03,22:16:00
-15.65,-74.15,20,4.6,0.0,0.0,historico,1946-07-03,23:41:00
-5.6,-78.96,20,3.4,0.0,0.0,historico,1946-07-12,11:15:00
-5.6,-78.96,25,3.0,0.0,0.0,historico,1946-07-12,18:00:00
-5.6,-78.96,25,3.0,0.0,0.0,historico,1946-07-13,07:43:00
-18.1,-70.0,30,4.2,0.0,0.0,historico,1946-07-18,06:51:00
-4.0,-80.7,30,4.2,0.0,0.0,historico,1946-07-23,09:35:00
-19.75,-70.5,200,0.0,6.8,0.0,historico,1946-07-26,01:44:45
-9.0,-75.2,30,4.6,0.0,0.0,historico,1946-08-01,16:21:00
-18.0,-69.2,30,4.2,0.0,0.0,historico,1946-08-06,08:17:00
-9.04,-77.78,25,3.2,0.0,0.0,historico,1946-08-07,10:15:00
-9.6,-78.7,40,4.4,0.0,0.0,historico,1946-08-12,10:38:00
-14.4,-76.3,40,4.6,0.0,0.0,historico,1946-08-16,08:18:00
-9.4,-75.4,30,4.6,0.0,0.0,historico,1946-08-17,10:32:00
-6.2,-77.3,20,4.1,0.0,0.0,historico,1946-08-24,20:20:00
-5.0,-78.9,30,3.9,0.0,0.0,historico,1946-09-02,05:10:00
-15.8,-74.6,60,4.4,0.0,0.0,historico,1946-09-16,07:56:00
-11.9,-77.5,40,4.4,0.0,0.0,historico,1946-09-21,21:55:00
-12.0,-77.8,40,4.3,0.0,0.0,historico,1946-09-26,15:50:00
-12.0,-77.8,40,4.3,0.0,0.0,historico,1946-09-27,13:30:00
-14.332,-76.664,50,6.0,7.0,0.0,historico,1946-09-29,19:59:40
-13.5,-76.0,90,4.9,0.0,0.0,historico,1946-10-09,03:30:00
-11.83,-76.6,30,3.0,0.0,0.0,historico,1946-10-10,11:13:45
-13.5,-76.0,90,4.7,0.0,0.0,historico,1946-10-17,16:15:00
-6.85,-78.46,20,3.8,0.0,0.0,historico,1946-10-23,15:00:00
-12.4,-76.4,90,4.7,0.0,0.0,historico,1946-10-26,23:54:00
-16.5,-71.7,18,3.4,0.0,0.0,historico,1946-11-04,21:30:00
-8.47,-77.86,15,6.9,7.3,6.8,historico,1946-11-10,12:42:53
-18.1,-70.0,30,4.2,0.0,0.0,historico,1946-11-16,04:59:00
-11.83,-76.6,30,3.4,0.0,0.0,historico,1946-11-16,11:36:00
-12.87,-76.406,90,5.6,0.0,0.0,historico,1946-11-19,03:48:00
-12.395,-76.451,90,5.0,0.0,0.0,historico,1946-12-05,02:55:00
-10.8,-78.1,40,4.3,0.0,0.0,historico,1946-12-09,10:05:00
-5.4,-80.8,40,4.3,0.0,0.0,historico,1946-12-10,07:45:00
-8.47,-77.72,25,3.5,0.0,0.0,historico,1946-12-10,13:45:00
-6.0,-81.3,0,5.6,0.0,0.0,historico,1946-12-13,07:49:00
-4.0,-80.7,30,3.7,0.0,0.0,historico,1946-12-13,19:14:00
-17.1,-71.5,30,4.2,0.0,0.0,historico,1947-01-05,14:52:00
-12.0,-77.8,40,4.3,0.0,0.0,historico,1947-01-07,23:40:00
-9.763,-76.418,40,4.3,0.0,0.0,historico,1947-02-03,11:43:00
-11.6,-76.0,30,3.4,0.0,0.0,historico,1947-02-09,09:51:00
-11.2,-75.4,15,4.3,0.0,0.0,historico,1947-02-09,10:18:00
-15.31,-68.81,20,0.0,6.8,0.0,historico,1947-02-24,12:31:00
-7.95,-77.7,25,4.3,0.0,0.0,historico,1947-02-25,03:55:00
-4.0,-80.7,30,3.7,0.0,0.0,historico,1947-02-26,16:34:00
-6.54,-78.62,25,3.3,0.0,0.0,historico,1947-03-15,20:15:00
-12.0,-77.8,40,4.3,0.0,0.0,historico,1947-03-27,00:30:00
-11.1,-74.8,30,3.8,0.0,0.0,historico,1947-03-28,03:40:00
-11.2,-75.4,40,4.0,0.0,0.0,historico,1947-04-01,05:13:00
-17.9,-70.7,70,4.6,0.0,0.0,historico,1947-04-01,09:17:00
-11.2,-75.4,40,4.0,0.0,0.0,historico,1947-04-02,21:57:00
-12.0,-77.8,40,4.5,0.0,0.0,historico,1947-04-03,22:15:00
-11.4,-78.1,40,4.8,0.0,0.0,historico,1947-04-06,00:30:00
-12.0,-77.8,40,4.3,0.0,0.0,historico,1947-04-07,20:30:00
-11.721,-76.92,100,5.0,0.0,0.0,historico,1947-04-08,07:25:00
-11.1,-74.8,30,4.8,0.0,0.0,historico,1947-04-19,03:06:00
-13.5,-72.7,25,3.6,0.0,0.0,historico,1947-04-19,21:05:00
-8.3,-75.1,30,4.2,0.0,0.0,historico,1947-06-01,17:21:00
-8.48,-77.38,20,3.4,0.0,0.0,historico,1947-06-05,09:00:00
-8.48,-77.38,25,3.3,0.0,0.0,historico,1947-07-01,09:30:00
-17.4,-70.2,110,4.9,0.0,0.0,historico,1947-07-05,02:20:00
-8.48,-77.38,25,3.3,0.0,0.0,historico,1947-07-05,20:00:00
-9.392,-79.122,40,0.0,6.1,0.0,historico,1947-07-11,23:27:00
-10.8,-78.1,40,4.1,0.0,0.0,historico,1947-07-19,10:10:00
-13.34,-76.0,90,4.2,0.0,0.0,historico,1947-07-22,10:15:00
-13.5,-76.0,90,4.7,0.0,0.0,historico,1947-07-22,21:25:00
-8.2,-79.3,40,4.5,0.0,0.0,historico,1947-07-25,04:55:00
-8.33,-77.5,20,4.2,0.0,0.0,historico,1947-07-29,07:45:00
-12.0,-77.8,40,4.5,0.0,0.0,historico,1947-07-30,06:50:00
-4.65,-79.45,20,3.5,0.0,0.0,historico,1947-07-31,16:30:00
-12.0,-77.8,40,4.5,0.0,0.0,historico,1947-08-01,00:20:00
-8.33,-77.5,20,3.7,0.0,0.0,historico,1947-08-02,18:45:00
-12.0,-77.8,40,4.3,0.0,0.0,historico,1947-08-03,09:20:00
-4.0,-80.7,30,3.7,0.0,0.0,historico,1947-08-03,21:23:00
-4.0,-80.7,30,4.2,0.0,0.0,historico,1947-08-05,22:23:00
-13.5,-76.0,90,4.7,0.0,0.0,historico,1947-08-11,03:20:00
-12.0,-76.7,80,4.2,0.0,0.0,historico,1947-08-12,07:20:00
-16.7,-71.8,20,3.9,0.0,0.0,historico,1947-08-14,05:15:00
-11.15,-75.9,40,3.5,0.0,0.0,historico,1947-08-14,21:30:00
-11.15,-75.9,40,4.0,0.0,0.0,historico,1947-08-14,22:30:00
-10.6,-75.65,25,4.5,0.0,0.0,historico,1947-08-18,23:57:00
-12.0,-77.8,40,4.3,0.0,0.0,historico,1947-08-22,23:50:00
-11.25,-74.85,40,3.8,0.0,0.0,historico,1947-08-23,16:15:00
-11.83,-76.6,30,3.0,0.0,0.0,historico,1947-08-24,00:15:00
-11.25,-74.85,40,3.8,0.0,0.0,historico,1947-08-24,11:27:00
-16.7,-71.8,20,3.4,0.0,0.0,historico,1947-08-25,04:10:00
-8.6,-75.8,30,4.5,0.0,0.0,historico,1947-09-04,20:41:00
-15.6,-74.8,60,4.3,0.0,0.0,historico,1947-09-10,06:20:00
-10.2,-75.8,40,4.2,0.0,0.0,historico,1947-09-14,23:00:00
-13.5,-76.0,90,4.7,0.0,0.0,historico,1947-09-18,08:15:00
-10.333,-75.881,100,4.7,0.0,0.0,historico,1947-09-21,22:51:00
-15.0,-73.73,110,5.0,0.0,0.0,historico,1947-09-25,18:50:00
-8.32,-77.93,20,3.1,0.0,0.0,historico,1947-09-26,11:48:00
-4.2,-80.7,30,4.1,0.0,0.0,historico,1947-09-29,01:30:00
-5.85,-78.8,20,3.3,0.0,0.0,historico,1947-09-30,14:57:00
-12.0,-77.8,40,4.3,0.0,0.0,historico,1947-10-01,03:00:00
-8.264,-77.588,20,4.0,0.0,0.0,historico,1947-10-01,07:30:00
-8.3,-77.6,30,3.2,0.0,0.0,historico,1947-10-02,19:15:00
-8.3,-77.6,30,3.0,0.0,0.0,historico,1947-10-05,04:10:00
-8.35,-77.45,20,3.5,0.0,0.0,historico,1947-10-07,07:00:00
-9.5,-78.6,40,4.3,0.0,0.0,historico,1947-10-08,12:09:00
-16.5,-71.7,30,3.9,0.0,0.0,historico,1947-10-13,03:45:00
-17.2,-70.7,30,3.2,0.0,0.0,historico,1947-10-14,00:15:00
-13.6,-76.0,90,4.8,0.0,0.0,historico,1947-10-15,03:00:00
-4.0,-80.7,30,4.2,0.0,0.0,historico,1947-10-17,04:48:00
-11.15,-75.9,40,4.5,0.0,0.0,historico,1947-10-19,16:12:00
-16.5,-71.7,15,3.3,0.0,0.0,historico,1947-10-24,16:00:00
-13.0,-72.5,20,4.0,0.0,0.0,historico,1947-10-31,10:00:00
-11.257,-75.088,100,6.2,7.3,0.0,historico,1947-11-01,09:58:53
-2.1,-76.8,0,0.0,6.0,0.0,historico,1947-11-08,00:24:19
-2.1,-76.8,0,0.0,6.0,0.0,historico,1947-11-08,00:29:19
-12.0,-77.8,40,4.3,0.0,0.0,historico,1947-11-15,17:10:00
-12.0,-77.8,40,4.3,0.0,0.0,historico,1947-11-17,23:40:00
-11.8,-77.5,40,4.4,0.0,0.0,historico,1947-11-23,09:56:00
-11.9,-76.9,80,4.7,0.0,0.0,historico,1947-11-24,01:52:00
-11.1,-74.8,30,4.3,0.0,0.0,historico,1947-11-25,13:40:00
-4.0,-80.7,30,4.2,0.0,0.0,historico,1947-11-26,21:27:00
-11.1,-74.8,30,3.8,0.0,0.0,historico,1947-11-28,02:05:00
-12.1,-77.5,40,3.9,0.0,0.0,historico,1947-11-28,23:50:00
-12.1,-77.5,40,3.9,0.0,0.0,historico,1947-12-01,12:10:00
-13.0,-76.2,90,4.3,0.0,0.0,historico,1947-12-04,14:00:00
-12.1,-77.5,40,3.9,0.0,0.0,historico,1947-12-11,06:00:00
-10.2,-75.6,40,4.3,0.0,0.0,historico,1947-12-13,07:10:00
-13.6,-76.6,80,4.3,0.0,0.0,historico,1948-01-04,05:17:00
-11.1,-74.8,30,4.3,0.0,0.0,historico,1948-01-10,03:55:00
-13.57,-71.93,30,3.0,0.0,0.0,historico,1948-01-10,13:26:00
-11.8,-75.1,30,3.8,0.0,0.0,historico,1948-01-11,23:45:00
-7.8,-79.5,40,3.6,0.0,0.0,historico,1948-01-15,23:45:00
-11.1,-74.8,40,4.6,0.0,0.0,historico,1948-01-17,20:17:00
-11.1,-74.8,30,4.3,0.0,0.0,historico,1948-01-25,21:05:00
-7.32,-78.42,30,3.1,0.0,0.0,historico,1948-01-27,06:45:00
-15.0,-73.5,30,3.3,0.0,0.0,historico,1948-01-28,10:00:00
-11.1,-74.8,30,4.3,0.0,0.0,historico,1948-01-28,22:42:00
-12.1,-77.5,40,3.9,0.0,0.0,historico,1948-01-30,19:30:00
-12.1,-77.5,40,3.9,0.0,0.0,historico,1948-02-09,17:22:00
-8.3,-77.2,20,3.4,0.0,0.0,historico,1948-02-14,18:28:00
-8.3,-77.2,20,4.3,0.0,0.0,historico,1948-02-14,19:29:00
-8.3,-77.2,20,3.4,0.0,0.0,historico,1948-02-14,22:23:00
-17.2,-71.1,30,3.6,0.0,0.0,historico,1948-02-17,05:16:00
-3.9,-80.8,40,3.7,0.0,0.0,historico,1948-02-18,14:33:00
-3.9,-80.8,40,4.0,0.0,0.0,historico,1948-02-19,01:50:00
-5.0,-80.7,0,5.1,0.0,0.0,historico,1948-02-19,20:23:11
-5.0,-80.7,0,5.1,0.0,0.0,historico,1948-02-19,20:26:32
-12.2,-77.5,40,4.6,0.0,0.0,historico,1948-02-22,05:58:00
-8.15,-78.05,20,3.1,0.0,0.0,historico,1948-02-26,13:10:00
-10.6,-75.4,30,4.5,0.0,0.0,historico,1948-03-04,05:00:00
-11.1,-74.8,40,4.6,0.0,0.0,historico,1948-03-06,00:17:00
-13.6,-76.6,90,4.8,0.0,0.0,historico,1948-03-06,06:15:00
-12.2,-77.5,40,4.0,0.0,0.0,historico,1948-03-15,05:00:00
-12.2,-77.5,40,4.0,0.0,0.0,historico,1948-03-17,14:20:00
-3.9,-80.8,40,3.7,0.0,0.0,historico,1948-03-19,11:49:00
-14.4,-76.3,60,4.4,0.0,0.0,historico,1948-03-24,16:55:00
-9.9,-75.4,30,4.0,0.0,0.0,historico,1948-03-26,20:40:00
-11.67,-78.167,40,4.8,0.0,0.0,historico,1948-04-04,09:05:00
-11.8,-75.1,30,4.5,0.0,0.0,historico,1948-04-13,23:38:00
-12.0,-77.8,40,4.5,0.0,0.0,historico,1948-04-17,07:00:00
-7.0,-80.3,40,4.8,0.0,0.0,historico,1948-04-17,19:05:00
-16.5,-71.7,30,3.9,0.0,0.0,historico,1948-04-23,20:15:00
-5.95,-78.7,20,3.1,0.0,0.0,historico,1948-04-28,19:28:00
-3.9,-80.8,40,4.3,0.0,0.0,historico,1948-04-30,07:12:00
-8.9,-75.6,30,3.9,0.0,0.0,historico,1948-04-30,19:55:00
-17.5,-70.25,70,7.4,7.3,0.0,historico,1948-05-11,03:55:41
-18.1,-70.0,30,3.2,0.0,0.0,historico,1948-05-12,03:00:00
-8.2,-79.3,40,3.7,0.0,0.0,historico,1948-05-14,19:15:00
-13.0,-76.5,60,6.0,7.0,0.0,historico,1948-05-28,00:36:16
-9.4,-75.4,30,4.6,0.0,0.0,historico,1948-06-02,23:15:00
-7.8,-79.5,40,4.2,0.0,0.0,historico,1948-06-10,19:15:00
-7.8,-79.5,40,3.7,0.0,0.0,historico,1948-06-11,22:40:00
-7.7,-74.3,200,0.0,6.1,0.0,historico,1948-06-14,04:20:00
-7.8,-79.5,40,4.3,0.0,0.0,historico,1948-06-14,19:10:00
-16.5,-71.7,30,3.2,0.0,0.0,historico,1948-06-15,00:01:00
-7.3,-79.5,40,4.1,0.0,0.0,historico,1948-06-17,19:15:00
-17.3,-70.8,30,3.1,0.0,0.0,historico,1948-06-23,02:25:00
-17.296,-70.796,30,3.6,0.0,0.0,historico,1948-06-23,02:45:00
-17.1,-71.1,30,3.1,0.0,0.0,historico,1948-06-23,20:30:00
-11.9,-77.5,40,3.8,0.0,0.0,historico,1948-07-01,15:25:00
-17.1,-71.1,30,3.6,0.0,0.0,historico,1948-07-02,14:05:00
-17.2,-70.8,30,3.5,0.0,0.0,historico,1948-07-04,02:30:00
-17.3,-70.8,30,3.1,0.0,0.0,historico,1948-07-04,19:45:00
-17.1,-71.2,30,3.2,0.0,0.0,historico,1948-07-05,14:07:00
-16.238,-74.24,30,6.1,7.1,0.0,historico,1948-07-20,06:02:17
-17.2,-71.1,30,3.6,0.0,0.0,historico,1948-07-20,23:20:00
-11.7,-77.8,40,4.5,0.0,0.0,historico,1948-08-04,00:45:00
-12.6,-76.5,80,4.4,0.0,0.0,historico,1948-08-15,02:35:00
-13.42,-72.8,25,3.8,0.0,0.0,historico,1948-08-16,06:15:00
-13.5,-76.0,90,4.4,0.0,0.0,historico,1948-08-17,12:45:00
-12.6,-76.5,80,4.4,0.0,0.0,historico,1948-08-19,18:45:00
-12.2,-77.5,40,4.0,0.0,0.0,historico,1948-08-20,07:00:00
-3.9,-80.8,40,4.3,0.0,0.0,historico,1948-08-31,07:47:00
-12.2,-77.5,40,4.5,0.0,0.0,historico,1948-09-05,05:14:00
-13.0,-76.2,90,4.3,0.0,0.0,historico,1948-09-07,20:30:00
-12.6,-77.5,80,4.7,0.0,0.0,historico,1948-09-21,03:25:00
-5.4,-80.8,80,4.2,0.0,0.0,historico,1948-09-23,16:16:00
-3.9,-80.8,40,4.3,0.0,0.0,historico,1948-09-27,04:27:00
-14.0,-72.8,30,4.3,0.0,0.0,historico,1948-10-02,13:10:00
-13.0,-76.2,90,4.3,0.0,0.0,historico,1948-10-09,05:25:00
-18.0,-69.92,30,3.3,0.0,0.0,historico,1948-10-09,16:45:00
-13.44,-72.51,25,3.3,0.0,0.0,historico,1948-10-10,03:40:00
-17.3,-70.8,30,3.6,0.0,0.0,historico,1948-10-10,12:00:00
-12.05,-77.5,40,4.1,0.0,0.0,historico,1948-10-12,02:49:00
-7.8,-79.5,50,3.8,0.0,0.0,historico,1948-10-17,22:40:00
-18.0,-69.92,30,3.8,0.0,0.0,historico,1948-10-28,22:05:00
-16.6,-71.6,35,3.5,0.0,0.0,historico,1948-10-31,21:11:00
-13.544,-71.964,25,3.3,0.0,0.0,historico,1948-11-06,05:17:00
-11.8,-75.1,30,3.8,0.0,0.0,historico,1948-11-06,12:30:00
-13.0,-76.2,80,4.2,0.0,0.0,historico,1948-11-13,05:05:00
-12.345,-77.293,70,4.9,0.0,0.0,historico,1948-11-18,03:18:00
-16.5,-71.7,25,4.0,0.0,0.0,historico,1948-11-24,13:45:00
-11.0,-75.9,30,3.6,0.0,0.0,historico,1948-12-02,23:00:00
-8.48,-77.46,25,3.2,0.0,0.0,historico,1948-12-12,09:50:00
-9.5,-78.6,40,4.5,0.0,0.0,historico,1948-12-21,19:35:00
-12.1,-77.5,40,3.9,0.0,0.0,historico,1948-12-25,10:20:00
-3.9,-80.8,30,4.1,0.0,0.0,historico,1948-12-26,12:35:00
-9.5,-78.6,40,3.8,0.0,0.0,historico,1948-12-30,08:20:00
-11.1,-74.8,30,4.1,0.0,0.0,historico,1949-01-01,17:47:00
-12.1,-77.5,40,4.5,0.0,0.0,historico,1949-01-03,05:35:00
-8.2,-79.3,40,4.3,0.0,0.0,historico,1949-01-04,23:45:00
-11.1,-74.8,30,4.3,0.0,0.0,historico,1949-01-05,21:12:00
-11.5,-75.0,30,4.4,4.7,0.0,historico,1949-01-07,02:00:00
-16.5,-71.7,25,3.6,0.0,0.0,historico,1949-01-09,23:40:00
-13.57,-71.93,35,3.1,0.0,0.0,historico,1949-01-10,13:25:00
-16.5,-71.7,40,3.3,0.0,0.0,historico,1949-01-10,19:58:00
-16.5,-71.7,25,4.0,0.0,0.0,historico,1949-01-12,16:22:00
-12.4,-77.3,50,4.5,0.0,0.0,historico,1949-01-13,11:48:00
-9.3,-78.8,40,4.3,0.0,0.0,historico,1949-01-20,11:30:00
-9.6,-78.6,50,3.9,0.0,0.0,historico,1949-01-25,16:30:00
-8.51,-77.68,20,3.4,0.0,0.0,historico,1949-01-25,18:49:00
-4.4,-81.6,30,4.6,0.0,0.0,historico,1949-01-25,20:40:00
-16.5,-71.7,25,3.8,0.0,0.0,historico,1949-01-26,07:45:00
-5.85,-78.8,20,3.3,0.0,0.0,historico,1949-02-01,17:01:00
-11.2,-75.4,40,4.0,0.0,0.0,historico,1949-02-02,13:25:00
-8.43,-77.55,20,3.3,0.0,0.0,historico,1949-02-13,09:20:00
-12.5,-75.0,40,4.4,0.0,0.0,historico,1949-02-24,06:35:01
-17.8,-70.2,30,3.6,0.0,0.0,historico,1949-03-02,04:00:00
-10.8,-78.05,40,4.2,0.0,0.0,historico,1949-03-03,03:00:00
-18.1,-70.0,30,3.9,0.0,0.0,historico,1949-03-07,01:25:00
-9.4,-75.4,30,4.6,0.0,0.0,historico,1949-03-13,04:35:00
-18.1,-70.0,30,3.7,0.0,0.0,historico,1949-03-16,23:30:00
-15.5,-69.5,0,5.1,0.0,0.0,historico,1949-03-17,00:49:06
-13.5,-76.0,90,4.7,0.0,0.0,historico,1949-03-19,22:00:00
-11.2,-75.4,40,4.0,0.0,0.0,historico,1949-03-20,04:45:00
-14.9,-75.1,90,4.9,0.0,0.0,historico,1949-04-02,04:00:00
-13.5,-76.0,90,4.7,0.0,0.0,historico,1949-04-05,02:00:00
-8.38,-77.46,30,3.2,0.0,0.0,historico,1949-04-10,14:12:00
-13.0,-76.2,90,4.8,0.0,0.0,historico,1949-04-12,17:00:00
-13.5,-76.0,90,4.7,0.0,0.0,historico,1949-04-14,03:00:00
-13.5,-71.6,25,3.8,0.0,0.0,historico,1949-04-15,20:45:00
-11.26,-75.0,90,4.7,0.0,0.0,historico,1949-04-22,19:30:14
-19.75,-69.0,0,6.4,7.3,0.0,historico,1949-04-25,08:54:59
-17.2,-70.7,30,3.2,0.0,0.0,historico,1949-05-01,20:05:00
-8.44,-77.57,20,3.2,0.0,0.0,historico,1949-05-11,22:25:00
-11.9,-76.4,30,3.2,0.0,0.0,historico,1949-05-12,21:27:00
-12.4,-77.4,40,4.3,0.0,0.0,historico,1949-05-16,10:10:00
-12.0,-76.85,90,4.6,0.0,0.0,historico,1949-05-16,23:55:00
-12.4,-77.4,40,4.5,0.0,0.0,historico,1949-05-19,16:46:00
-13.5,-76.0,90,4.7,0.0,0.0,historico,1949-05-19,23:00:00
-5.6,-78.96,20,3.4,0.0,0.0,historico,1949-05-21,18:05:00
-18.1,-70.0,30,3.7,0.0,0.0,historico,1949-05-29,20:43:00
-4.0,-81.5,30,5.0,0.0,0.0,historico,1949-05-30,03:36:00
-4.0,-81.5,30,5.0,0.0,0.0,historico,1949-06-03,12:45:00
-15.65,-74.15,20,4.1,0.0,0.0,historico,1949-06-15,21:25:00
-12.4,-77.4,40,4.0,0.0,0.0,historico,1949-06-28,14:20:00
-4.0,-80.8,30,3.2,0.0,0.0,historico,1949-07-03,06:50:00
-8.46,-77.57,30,3.2,0.0,0.0,historico,1949-07-03,20:35:00
-8.48,-77.42,30,3.0,0.0,0.0,historico,1949-07-10,19:00:00
-16.62,-71.5,25,3.6,0.0,0.0,historico,1949-07-13,02:45:00
-8.48,-77.42,25,3.3,0.0,0.0,historico,1949-07-13,11:50:00
-8.32,-77.51,20,4.0,0.0,0.0,historico,1949-07-15,00:30:00
-15.5,-73.0,150,0.0,6.5,0.0,historico,1949-07-21,03:01:39
-11.15,-75.9,20,4.3,0.0,0.0,historico,1949-07-25,00:45:00
-12.4,-77.4,40,4.5,0.0,0.0,historico,1949-07-26,00:20:00
-8.41,-77.6,30,3.5,0.0,0.0,historico,1949-07-29,11:45:00
-12.0,-77.5,40,4.2,0.0,0.0,historico,1949-08-01,09:44:00
-12.4,-77.4,40,4.5,0.0,0.0,historico,1949-08-05,21:54:00
-8.33,-77.53,25,3.6,0.0,0.0,historico,1949-08-09,20:30:00
-12.4,-77.4,40,4.0,0.0,0.0,historico,1949-08-10,16:15:00
-11.95,-76.55,30,3.5,0.0,0.0,historico,1949-08-18,23:41:00
-18.1,-70.0,30,3.7,0.0,0.0,historico,1949-08-22,01:20:00
-17.0,-71.0,30,3.9,0.0,0.0,historico,1949-08-25,13:45:00
-12.4,-77.4,40,3.9,0.0,0.0,historico,1949-08-30,09:55:00
-8.44,-77.48,25,3.3,0.0,0.0,historico,1949-09-09,05:30:00
-3.8,-80.8,30,4.0,0.0,0.0,historico,1949-10-13,20:37:00
-13.0,-76.2,90,4.8,0.0,0.0,historico,1949-10-26,12:15:00
-11.2,-75.4,30,3.4,0.0,0.0,historico,1949-11-03,17:15:00
-11.2,-75.4,30,3.9,0.0,0.0,historico,1949-11-05,18:45:00
-8.32,-77.57,20,3.5,0.0,0.0,historico,1949-11-15,11:30:00
-11.2,-75.4,30,3.9,0.0,0.0,historico,1949-11-21,00:45:00
-17.3,-72.4,30,4.3,0.0,0.0,historico,1949-11-28,03:00:00
-12.4,-77.4,40,4.3,0.0,0.0,historico,1949-12-01,20:35:00
-18.0,-70.0,0,5.5,0.0,0.0,historico,1949-12-03,07:01:54
-5.0,-77.3,30,3.4,0.0,0.0,historico,1949-12-18,15:32:00
-11.25,-74.9,100,4.8,0.0,0.0,historico,1949-12-22,02:58:00
-8.32,-77.57,20,3.5,0.0,0.0,historico,1949-12-23,01:30:00
-12.4,-77.4,40,4.3,0.0,0.0,historico,1950-01-03,01:00:00
-13.0,-76.2,90,4.8,0.0,0.0,historico,1950-01-03,14:35:00
-8.43,-77.55,20,3.5,0.0,0.0,historico,1950-01-12,22:00:00
-13.5,-71.2,15,3.6,0.0,0.0,historico,1950-01-15,21:30:00
-13.5,-71.2,15,4.1,0.0,0.0,historico,1950-01-17,00:00:00
-13.5,-71.2,25,3.5,0.0,0.0,historico,1950-01-26,01:00:00
-12.2,-77.5,40,4.5,0.0,0.0,historico,1950-02-02,01:45:00
-4.4,-81.0,30,3.8,0.0,0.0,historico,1950-02-20,19:25:00
-7.4,-79.9,40,4.3,0.0,0.0,historico,1950-02-26,03:55:00
-12.2,-77.5,40,4.7,0.0,0.0,historico,1950-03-04,21:17:18
-8.0,-71.0,0,0.0,8.6,0.0,historico,1950-03-07,03:03:00
-12.4,-77.3,40,3.9,0.0,0.0,historico,1950-03-11,04:20:00
-9.601,-75.625,150,5.9,6.8,0.0,historico,1950-03-13,22:10:02
-10.3,-75.7,150,5.0,0.0,0.0,historico,1950-03-14,04:40:00
-12.4,-77.3,40,3.9,0.0,0.0,historico,1950-03-21,04:00:00
-11.1,-74.8,30,4.5,0.0,0.0,historico,1950-03-22,18:43:00
-11.1,-74.8,30,4.5,0.0,0.0,historico,1950-04-26,01:11:48
-13.477,-72.102,15,5.6,6.0,0.0,historico,1950-05-21,13:37:40
-13.57,-71.93,30,3.0,0.0,0.0,historico,1950-05-23,16:00:00
-13.57,-71.93,30,3.0,0.0,0.0,historico,1950-05-23,19:00:00
-13.544,-71.964,25,3.6,0.0,0.0,historico,1950-05-25,13:03:00
-17.2,-70.6,30,3.8,0.0,0.0,historico,1950-05-27,03:15:00
-13.57,-71.93,30,3.0,0.0,0.0,historico,1950-05-28,04:00:00
-12.4,-77.5,40,4.9,0.0,0.0,historico,1950-05-30,19:45:00
-13.57,-71.93,30,3.0,0.0,0.0,historico,1950-06-01,03:00:00
-4.4,-81.0,30,3.6,0.0,0.0,historico,1950-06-02,07:40:00
-18.1,-70.0,30,3.2,0.0,0.0,historico,1950-06-02,13:52:00
-4.9,-76.742,150,6.2,6.8,0.0,historico,1950-06-07,11:52:34
-13.4,-73.2,30,4.0,0.0,0.0,historico,1950-06-09,13:40:00
-14.5,-70.0,287,5.1,0.0,0.0,historico,1950-06-14,02:59:23
-17.8,-70.2,30,3.6,0.0,0.0,historico,1950-06-14,03:04:00
-14.05,-71.55,20,3.4,0.0,0.0,historico,1950-06-16,03:05:00
-11.7,-77.0,90,4.9,0.0,0.0,historico,1950-06-17,16:25:00
-15.0,-70.0,0,4.9,0.0,0.0,historico,1950-06-22,17:53:37
-17.2,-70.7,30,4.2,0.0,0.0,historico,1950-06-22,17:55:00
-16.6,-71.6,40,3.4,0.0,0.0,historico,1950-06-29,01:30:00
-16.5,-71.7,40,3.8,0.0,0.0,historico,1950-06-30,05:25:00
-17.7,-70.3,30,3.8,0.0,0.0,historico,1950-06-30,16:15:00
-8.0,-79.4,40,4.4,0.0,0.0,historico,1950-07-08,21:38:00
-8.9,-74.3,40,4.6,0.0,0.0,historico,1950-07-09,00:20:00
-8.2,-71.0,667,5.8,6.4,0.0,historico,1950-07-09,04:45:07
-17.5,-70.0,120,4.9,0.0,0.0,historico,1950-07-13,15:38:00
-17.5,-70.0,120,4.6,0.0,0.0,historico,1950-07-14,23:30:00
-14.1,-71.5,20,4.3,0.0,0.0,historico,1950-07-17,07:25:00
-17.2,-70.8,30,3.0,0.0,0.0,historico,1950-07-22,17:55:00
-8.4,-77.58,20,4.3,0.0,0.0,historico,1950-08-06,15:35:00
-7.0,-80.3,40,4.8,0.0,0.0,historico,1950-08-07,22:35:00
-12.2,-77.5,40,4.0,0.0,0.0,historico,1950-08-09,21:55:00
-5.58,-78.9,20,3.3,0.0,0.0,historico,1950-08-18,05:33:00
-8.2,-79.3,40,4.3,0.0,0.0,historico,1950-08-21,05:25:00
-13.7,-71.85,25,3.6,0.0,0.0,historico,1950-08-24,22:35:00
-13.5,-71.2,15,3.8,0.0,0.0,historico,1950-09-04,12:45:00
-12.4,-77.5,40,4.1,0.0,0.0,historico,1950-09-16,11:16:00
-8.0,-71.0,650,5.6,6.0,0.0,historico,1950-09-18,14:36:43
-11.1,-74.8,40,4.1,0.0,0.0,historico,1950-09-24,11:26:00
-11.1,-74.8,30,4.3,0.0,0.0,historico,1950-09-27,03:07:00
-8.0,-79.5,40,4.2,0.0,0.0,historico,1950-10-08,00:40:00
-13.6,-76.0,90,0.0,4.8,0.0,historico,1950-11-03,20:30:00
-8.44,-77.57,20,3.5,0.0,0.0,historico,1950-11-06,02:00:00
-17.3,-70.6,30,4.1,0.0,0.0,historico,1950-11-15,12:45:00
-14.3,-76.5,50,0.0,4.6,0.0,historico,1950-11-16,11:48:00
-3.4,-80.6,30,4.0,0.0,0.0,historico,1950-11-18,04:40:00
-17.3,-70.6,30,4.3,0.0,0.0,historico,1950-11-20,16:48:00
-18.0,-69.9,30,4.1,0.0,0.0,historico,1950-11-27,09:13:00
-8.2,-71.0,667,5.9,6.8,0.0,historico,1950-12-02,10:19:22
-12.4,-77.5,40,4.6,0.0,0.0,historico,1950-12-04,08:18:00
-23.5,-67.5,100,7.0,8.3,0.0,historico,1950-12-09,16:38:48
-14.25,-75.75,80,7.1,7.0,0.0,historico,1950-12-09,21:50:42
-8.3,-79.25,40,4.3,0.0,0.0,historico,1950-12-11,22:35:00
-14.3,-75.8,80,4.6,0.0,0.0,historico,1950-12-25,08:25:00
-12.4,-77.5,40,4.6,0.0,0.0,historico,1950-12-26,16:05:00
-17.0,-71.2,30,4.1,0.0,0.0,historico,1950-12-26,23:30:00
-7.5,-71.0,650,5.7,6.2,0.0,historico,1950-12-28,09:17:26
-9.5,-79.5,40,0.0,5.2,0.0,historico,1951-01-02,18:12:04
-11.8,-77.5,40,4.6,0.0,0.0,historico,1951-01-09,21:52:00
-14.3,-75.8,80,4.3,0.0,0.0,historico,1951-01-16,11:21:00
-14.3,-75.8,80,4.8,0.0,0.0,historico,1951-01-17,12:00:00
-12.4,-77.5,40,4.6,0.0,0.0,historico,1951-01-19,08:20:00
-12.6,-77.4,30,4.3,0.0,0.0,historico,1951-02-02,09:00:00
-11.9,-77.1,30,4.1,0.0,0.0,historico,1951-02-04,06:06:00
-11.9,-77.1,30,4.4,0.0,0.0,historico,1951-02-09,20:56:00
-10.9,-78.0,40,4.3,0.0,0.0,historico,1951-02-21,08:23:00
-14.3,-75.8,80,4.6,0.0,0.0,historico,1951-03-03,20:15:00
-15.439,-73.458,100,5.9,6.9,0.0,historico,1951-03-04,06:17:33
-15.5,-74.0,90,4.6,0.0,0.0,historico,1951-03-04,12:27:00
-5.52,-79.0,20,3.8,0.0,0.0,historico,1951-03-06,05:45:00
-12.4,-77.5,40,4.4,0.0,0.0,historico,1951-03-11,00:28:00
-14.0,-70.0,200,5.2,0.0,0.0,historico,1951-03-11,04:08:14
-14.9,-75.1,90,4.7,0.0,0.0,historico,1951-03-13,02:45:00
-13.75,-71.65,25,3.4,0.0,0.0,historico,1951-03-13,04:00:00
-12.4,-77.6,40,4.4,0.0,0.0,historico,1951-03-14,01:20:00
-13.1,-77.0,40,4.8,0.0,0.0,historico,1951-03-17,14:25:00
-12.4,-77.5,40,4.1,0.0,0.0,historico,1951-03-19,12:05:00
-12.4,-77.4,40,4.0,0.0,0.0,historico,1951-03-21,23:30:00
-14.0,-76.0,80,5.0,0.0,0.0,historico,1951-03-29,04:48:00
-16.7,-71.4,20,4.0,0.0,0.0,historico,1951-04-06,20:16:00
-17.2,-71.2,30,4.2,0.0,0.0,historico,1951-04-08,14:31:00
-9.59,-77.51,25,3.3,0.0,0.0,historico,1951-04-17,06:55:00
-14.3,-75.8,80,4.8,0.0,0.0,historico,1951-04-21,22:40:00
-17.3,-70.65,30,3.8,0.0,0.0,historico,1951-04-23,08:20:00
-16.5,-71.7,25,4.0,0.0,0.0,historico,1951-04-30,07:11:00
-12.4,-77.5,40,4.6,0.0,0.0,historico,1951-05-01,23:45:00
-11.25,-74.9,100,4.9,0.0,0.0,historico,1951-05-03,14:54:00
-11.0,-74.0,83,4.9,0.0,0.0,historico,1951-05-10,04:50:00
-8.5,-77.37,20,3.7,0.0,0.0,historico,1951-05-18,12:20:00
-11.1,-74.8,30,4.3,0.0,0.0,historico,1951-05-23,03:50:00
-16.0,-72.8,20,4.2,0.0,0.0,historico,1951-05-24,13:25:00
-12.4,-77.4,40,4.0,0.0,0.0,historico,1951-06-06,12:10:00
-14.3,-75.8,80,4.9,0.0,0.0,historico,1951-06-18,04:32:00
-8.3,-79.8,0,5.5,0.0,0.0,historico,1951-06-23,20:44:26
-16.2,-71.8,30,3.7,0.0,0.0,historico,1951-07-03,06:15:00
-12.4,-77.5,40,4.6,0.0,0.0,historico,1951-07-03,08:19:00
-4.0,-81.3,30,4.8,0.0,0.0,historico,1951-07-13,23:59:00
-16.6,-71.6,40,4.8,0.0,0.0,historico,1951-07-23,00:02:00
-13.6,-76.6,80,4.7,0.0,0.0,historico,1951-08-10,19:00:00
-17.4,-70.4,30,3.9,0.0,0.0,historico,1951-08-14,03:15:00
-7.5,-79.8,40,4.2,0.0,0.0,historico,1951-08-20,03:40:00
-16.6,-71.6,40,3.8,0.0,0.0,historico,1951-08-21,11:00:00
-11.2,-77.9,40,3.8,0.0,0.0,historico,1951-08-22,18:20:00
-16.2,-72.4,30,4.0,0.0,0.0,historico,1951-08-27,00:00:00
-8.55,-77.34,20,4.1,0.0,0.0,historico,1951-08-30,09:30:00
-4.4,-81.6,30,4.6,0.0,0.0,historico,1951-09-04,18:45:00
-8.9,-75.7,40,4.4,0.0,0.0,historico,1951-09-10,07:15:00
-8.1,-79.4,40,4.7,0.0,0.0,historico,1951-09-14,00:29:00
-4.0,-81.4,30,4.6,0.0,0.0,historico,1951-09-19,20:00:00
-4.2,-81.2,30,4.1,0.0,0.0,historico,1951-09-20,02:37:00
-8.2,-79.3,40,4.1,0.0,0.0,historico,1951-09-25,09:05:00
-14.3,-75.8,80,4.8,0.0,0.0,historico,1951-09-28,04:28:00
-14.2,-75.8,80,4.3,0.0,0.0,historico,1951-10-01,04:12:00
-17.9,-70.8,63,5.8,0.0,0.0,historico,1951-10-03,06:07:09
-2.0,-77.0,0,0.0,5.9,0.0,historico,1951-10-12,13:22:36
-16.596,-71.796,30,3.8,0.0,0.0,historico,1951-11-09,17:10:00
-12.8,-77.0,40,4.4,0.0,0.0,historico,1951-11-16,08:13:00
-12.3,-77.4,40,4.2,0.0,0.0,historico,1951-11-23,00:42:30
-16.55,-71.6,30,4.0,0.0,0.0,historico,1951-12-05,00:55:00
-8.2,-79.3,40,4.8,0.0,0.0,historico,1951-12-13,20:48:00
-15.5,-74.8,60,4.0,0.0,0.0,historico,1952-01-05,07:00:00
-4.26,-80.06,100,0.0,6.5,0.0,historico,1952-01-15,02:00:51
-7.3,-79.9,50,5.0,0.0,0.0,historico,1952-01-24,11:40:00
-12.3,-77.4,40,4.4,0.0,0.0,historico,1952-01-28,15:15:00
-6.2,-77.3,40,3.8,0.0,0.0,historico,1952-01-30,05:00:00
-9.6,-77.51,20,3.2,0.0,0.0,historico,1952-02-03,01:38:00
-10.65,-75.5,28,4.2,0.0,0.0,historico,1952-02-08,23:13:00
-12.3,-77.4,40,4.2,0.0,0.0,historico,1952-02-17,10:46:00
-15.738,-70.657,200,5.6,0.0,0.0,historico,1952-02-26,06:31:00
-16.6,-71.6,30,3.7,0.0,0.0,historico,1952-02-26,07:04:00
-7.5,-79.8,40,4.2,0.0,0.0,historico,1952-03-13,09:15:00
-16.2,-72.4,30,4.0,0.0,0.0,historico,1952-03-15,03:49:00
-10.8,-75.2,150,5.0,0.0,0.0,historico,1952-03-23,02:11:00
-10.8,-75.2,150,4.5,0.0,0.0,historico,1952-03-23,03:25:00
-6.16,-78.85,20,3.4,0.0,0.0,historico,1952-03-31,07:25:00
-12.4,-77.4,40,4.0,0.0,0.0,historico,1952-03-31,15:01:00
-9.0,-71.0,603,0.0,5.8,0.0,historico,1952-04-07,19:19:07
-17.2,-70.7,30,4.2,0.0,0.0,historico,1952-04-13,07:50:00
-12.4,-77.4,40,4.0,0.0,0.0,historico,1952-04-14,01:51:00
-12.0,-76.7,90,5.0,0.0,0.0,historico,1952-04-21,04:11:00
-12.4,-77.4,40,4.2,0.0,0.0,historico,1952-05-02,13:35:00
-14.203,-76.323,50,0.0,6.4,0.0,historico,1952-05-03,07:14:11
-14.3,-75.8,80,4.8,0.0,0.0,historico,1952-05-03,15:41:00
-14.3,-75.8,80,4.6,0.0,0.0,historico,1952-05-04,11:58:00
-16.9,-70.3,96,4.3,0.0,0.0,historico,1952-05-08,04:38:58
-15.6,-73.1,30,3.8,0.0,0.0,historico,1952-05-10,08:54:00
-18.1,-70.0,30,4.2,0.0,0.0,historico,1952-05-23,05:03:00
-18.02,-70.25,0,5.9,0.0,0.0,historico,1952-05-23,20:59:00
-18.1,-70.0,30,3.2,0.0,0.0,historico,1952-05-25,09:30:00
-18.1,-70.0,30,3.7,0.0,0.0,historico,1952-05-26,02:44:00
-12.4,-77.4,40,4.5,0.0,0.0,historico,1952-06-08,00:31:00
-8.8,-77.4,25,3.8,0.0,0.0,historico,1952-06-20,11:33:00
-12.4,-77.4,40,4.8,0.0,0.0,historico,1952-06-23,03:44:00
-12.4,-77.4,40,4.0,0.0,0.0,historico,1952-06-26,03:10:00
-13.55,-71.97,25,3.6,0.0,0.0,historico,1952-07-06,02:00:00
-12.4,-77.4,40,4.8,0.0,0.0,historico,1952-07-11,02:40:00
-12.4,-77.4,40,4.5,0.0,0.0,historico,1952-07-16,22:40:00
-12.4,-77.4,40,4.0,0.0,0.0,historico,1952-07-17,10:14:00
-11.6,-77.8,40,4.7,0.0,0.0,historico,1952-07-22,13:05:00
-12.4,-77.4,40,4.7,0.0,0.0,historico,1952-07-26,21:18:00
-15.6,-74.8,60,4.2,0.0,0.0,historico,1952-07-27,13:35:00
-12.3,-77.4,40,4.3,0.0,0.0,historico,1952-08-02,23:22:00
-12.05,-77.5,30,4.1,0.0,0.0,historico,1952-08-03,13:14:00
-12.05,-77.5,30,4.6,0.0,0.0,historico,1952-08-06,08:36:00
-12.05,-77.5,30,4.4,0.0,0.0,historico,1952-08-14,01:25:00
-12.05,-77.5,30,4.4,0.0,0.0,historico,1952-08-18,09:24:00
-12.05,-77.5,30,3.8,0.0,0.0,historico,1952-08-22,17:50:00
-13.55,-71.97,20,3.6,0.0,0.0,historico,1952-08-26,05:45:00
-8.9,-75.7,40,4.4,0.0,0.0,historico,1952-09-11,07:03:00
-16.8,-71.3,30,4.3,0.0,0.0,historico,1952-09-20,21:33:00
-7.4,-79.8,40,4.8,0.0,0.0,historico,1952-09-23,03:08:00
-12.05,-77.5,30,4.1,0.0,0.0,historico,1952-09-27,17:41:00
-12.05,-77.5,30,3.9,0.0,0.0,historico,1952-10-12,07:34:00
-11.25,-74.9,100,4.5,0.0,0.0,historico,1952-10-14,09:53:00
-12.4,-77.4,40,4.0,0.0,0.0,historico,1952-11-08,01:01:00
-11.7,-78.0,40,4.6,0.0,0.0,historico,1952-11-18,09:35:00
-17.4,-70.5,30,3.6,0.0,0.0,historico,1952-12-12,21:54:00
-11.25,-74.9,100,4.8,0.0,0.0,historico,1952-12-16,23:40:00
-12.05,-77.5,30,3.9,0.0,0.0,historico,1952-12-31,15:42:00
-8.5,-79.2,40,4.5,0.0,0.0,historico,1953-01-09,02:00:00
-4.4,-81.6,30,4.9,0.0,0.0,historico,1953-01-09,11:14:00
-11.95,-76.55,30,3.0,0.0,0.0,historico,1953-01-11,09:17:00
-12.05,-77.5,30,3.9,0.0,0.0,historico,1953-01-18,07:52:00
-12.05,-77.5,30,3.9,0.0,0.0,historico,1953-02-05,17:13:00
-16.7,-71.0,120,4.8,0.0,0.0,historico,1953-02-11,07:11:00
-11.7,-78.0,40,4.6,0.0,0.0,historico,1953-02-28,02:36:00
-11.7,-78.0,40,4.8,0.0,0.0,historico,1953-02-28,14:50:00
-12.13,-76.87,20,3.7,0.0,0.0,historico,1953-03-07,00:25:00
-7.7,-79.6,30,4.6,0.0,0.0,historico,1953-03-07,22:05:00
-12.0,-77.2,30,4.1,0.0,0.0,historico,1953-03-11,00:43:00
-12.0,-77.2,30,4.4,0.0,0.0,historico,1953-03-13,00:05:00
-10.2,-75.0,30,3.7,0.0,0.0,historico,1953-04-04,06:20:00
-15.6,-74.8,60,4.2,0.0,0.0,historico,1953-04-08,08:45:00
-16.7,-71.5,40,3.5,0.0,0.0,historico,1953-04-09,14:48:00
-16.7,-71.5,40,3.5,0.0,0.0,historico,1953-04-13,14:35:00
-8.2,-71.0,61,0.0,6.6,0.0,historico,1953-04-14,08:29:26
-16.5,-71.7,25,3.1,0.0,0.0,historico,1953-04-14,13:50:00
-16.6,-71.5,40,3.4,0.0,0.0,historico,1953-04-14,21:00:00
-5.315,-77.702,80,5.6,6.0,0.0,historico,1953-04-16,19:02:50
-11.25,-74.9,100,4.8,0.0,0.0,historico,1953-04-23,09:18:00
-18.2,-69.95,30,4.1,0.0,0.0,historico,1953-04-24,02:55:00
-16.6,-71.5,35,3.8,0.0,0.0,historico,1953-04-24,05:01:00
-7.3,-78.46,20,4.2,0.0,0.0,historico,1953-04-25,19:28:00
-17.2,-71.1,20,4.9,0.0,0.0,historico,1953-05-02,18:50:00
-16.75,-71.4,40,3.5,0.0,0.0,historico,1953-05-06,04:55:00
-9.3,-78.9,40,4.4,0.0,0.0,historico,1953-05-11,19:09:00
-16.6,-71.6,40,3.4,0.0,0.0,historico,1953-05-24,23:54:00
-17.2,-72.3,30,4.5,0.0,0.0,historico,1953-05-27,02:45:00
-9.3,-78.2,90,0.0,5.0,0.0,historico,1953-05-28,15:49:00
-15.6,-74.8,60,4.2,0.0,0.0,historico,1953-05-29,07:38:00
-12.0,-76.8,90,4.6,0.0,0.0,historico,1953-05-30,10:07:00
-6.0,-77.4,50,4.0,0.0,0.0,historico,1953-06-03,21:37:00
-16.6,-71.6,40,4.4,0.0,0.0,historico,1953-06-04,05:10:00
-11.95,-76.55,25,3.3,0.0,0.0,historico,1953-06-05,02:50:00
-8.5,-74.4,230,4.8,0.0,0.0,historico,1953-06-15,17:33:00
-5.0,-79.43,25,3.1,0.0,0.0,historico,1953-06-17,10:30:00
-9.2,-78.9,40,4.3,0.0,0.0,historico,1953-06-17,18:45:00
-16.65,-71.5,40,3.4,0.0,0.0,historico,1953-06-18,04:20:00
-15.8,-74.6,50,4.3,0.0,0.0,historico,1953-06-21,14:00:00
-16.6,-71.6,25,3.6,0.0,0.0,historico,1953-06-23,16:15:00
-11.55,-76.8,70,4.5,0.0,0.0,historico,1953-06-26,22:58:00
-11.4,-74.7,120,4.5,0.0,0.0,historico,1953-07-01,20:02:00
-11.95,-76.55,30,3.0,0.0,0.0,historico,1953-07-15,23:05:00
-15.6,-74.8,60,4.3,0.0,0.0,historico,1953-07-16,10:10:00
-16.63,-71.5,35,4.3,0.0,0.0,historico,1953-07-17,23:25:00
-5.5,-78.99,20,3.6,0.0,0.0,historico,1953-07-18,07:08:00
-16.65,-71.5,40,3.4,0.0,0.0,historico,1953-07-28,00:30:00
-9.44,-77.55,25,3.3,0.0,0.0,historico,1953-07-28,01:10:00
-8.9,-75.7,40,4.2,0.0,0.0,historico,1953-08-04,00:26:00
-16.68,-71.6,30,3.3,0.0,0.0,historico,1953-08-07,05:29:00
-11.9,-76.54,30,3.0,0.0,0.0,historico,1953-08-14,12:15:00
-12.85,-77.168,40,4.6,0.0,0.0,historico,1953-08-17,07:41:00
-16.66,-71.5,25,3.2,0.0,0.0,historico,1953-08-21,05:29:00
-11.9,-76.54,30,3.0,0.0,0.0,historico,1953-08-21,23:30:00
-14.9,-75.1,80,4.8,0.0,0.0,historico,1953-08-22,12:48:00
-16.9,-72.6,50,4.2,0.0,0.0,historico,1953-08-28,19:13:00
-13.6,-76.6,80,4.9,0.0,0.0,historico,1953-09-11,14:32:00
-11.25,-74.9,100,4.1,0.0,0.0,historico,1953-09-16,07:39:00
-17.1,-71.1,30,3.1,0.0,0.0,historico,1953-09-17,21:00:00
-13.37,-75.29,25,3.2,0.0,0.0,historico,1953-09-21,05:04:00
-16.5,-71.6,30,3.1,0.0,0.0,historico,1953-09-28,01:00:00
-15.7,-74.9,30,3.7,0.0,0.0,historico,1953-09-28,18:31:00
-16.63,-71.55,40,3.4,0.0,0.0,historico,1953-10-05,07:18:00
-16.68,-71.48,35,3.4,0.0,0.0,historico,1953-10-06,03:18:00
-17.4,-70.6,30,3.0,0.0,0.0,historico,1953-10-11,22:15:00
-16.68,-71.48,35,3.4,0.0,0.0,historico,1953-10-12,19:15:00
-12.4,-77.5,40,4.1,0.0,0.0,historico,1953-10-20,20:48:00
-12.4,-77.5,40,4.1,0.0,0.0,historico,1953-10-23,07:09:00
-13.9,-72.3,20,3.3,0.0,0.0,historico,1953-11-01,16:08:00
-13.9,-72.3,20,4.0,0.0,0.0,historico,1953-11-02,02:00:00
-14.3,-75.8,80,4.6,0.0,0.0,historico,1953-11-06,07:50:00
-11.7,-78.0,40,4.6,0.0,0.0,historico,1953-11-06,12:22:00
-12.05,-76.6,25,3.4,0.0,0.0,historico,1953-11-10,16:13:00
-12.0,-76.5,30,3.1,0.0,0.0,historico,1953-11-13,12:05:00
-9.2,-78.9,40,4.3,0.0,0.0,historico,1953-11-18,13:07:00
-15.7,-74.9,30,3.7,0.0,0.0,historico,1953-11-28,06:10:00
-16.7,-71.45,25,3.8,0.0,0.0,historico,1953-11-29,04:00:00
-12.4,-77.4,40,4.0,0.0,0.0,historico,1953-11-30,00:04:00
-8.3,-79.3,40,4.3,0.0,0.0,historico,1953-12-03,06:05:00
-14.3,-75.8,80,4.8,0.0,0.0,historico,1953-12-03,10:13:00
-7.9,-79.6,40,4.5,0.0,0.0,historico,1953-12-05,10:32:00
-9.2,-78.9,40,4.3,0.0,0.0,historico,1953-12-06,18:19:00
-16.77,-71.4,25,3.4,0.0,0.0,historico,1953-12-07,06:25:00
-5.0,-79.43,25,3.1,0.0,0.0,historico,1953-12-12,10:00:00
-3.88,-80.45,30,6.7,7.8,0.0,historico,1953-12-12,12:31:25
-3.4,-80.6,30,4.7,0.0,0.0,historico,1953-12-12,20:07:00
-3.4,-80.6,30,4.1,0.0,0.0,historico,1953-12-14,03:30:00
-16.66,-71.5,25,4.2,0.0,0.0,historico,1953-12-16,16:52:00
-16.7,-71.45,30,3.3,0.0,0.0,historico,1953-12-17,01:00:00
-16.67,-71.5,35,3.6,0.0,0.0,historico,1953-12-17,19:51:00
-6.5,-79.25,25,3.8,0.0,0.0,historico,1953-12-17,21:15:00
-3.4,-80.6,30,3.5,0.0,0.0,historico,1953-12-17,22:50:00
-12.0,-76.9,90,4.3,0.0,0.0,historico,1953-12-18,01:07:00
-8.9,-79.0,40,4.6,0.0,0.0,historico,1953-12-22,06:50:00
-12.0,-76.5,30,3.3,0.0,0.0,historico,1953-12-23,17:20:00
-9.2,-78.9,40,3.8,0.0,0.0,historico,1953-12-24,08:32:00
-9.55,-77.15,20,3.9,0.0,0.0,historico,1953-12-25,01:45:00
-11.7,-78.0,40,4.1,0.0,0.0,historico,1954-01-04,14:15:00
-12.0,-76.9,90,4.3,0.0,0.0,historico,1954-01-08,05:40:00
-9.2,-78.9,40,4.6,0.0,0.0,historico,1954-01-08,13:50:00
-17.15,-71.1,30,3.1,0.0,0.0,historico,1954-01-17,18:23:00
-12.0,-76.5,25,3.2,0.0,0.0,historico,1954-01-19,14:52:00
-16.76,-71.4,25,3.4,0.0,0.0,historico,1954-01-21,00:30:00
-12.4,-77.4,30,3.9,0.0,0.0,historico,1954-01-22,01:14:00
-9.2,-78.9,40,4.3,0.0,0.0,historico,1954-01-22,02:00:00
-9.2,-78.9,40,4.6,0.0,0.0,historico,1954-01-22,23:30:00
-12.0,-76.9,90,4.3,0.0,0.0,historico,1954-01-26,01:10:00
-17.5,-70.0,120,5.1,0.0,0.0,historico,1954-02-12,05:08:46
-6.8,-76.8,30,4.3,0.0,0.0,historico,1954-02-12,21:00:00
-13.6,-76.6,80,4.2,0.0,0.0,historico,1954-02-15,21:30:00
-12.0,-76.5,30,3.1,0.0,0.0,historico,1954-02-26,05:51:00
-16.7,-71.45,15,3.6,0.0,0.0,historico,1954-02-28,01:15:00
-12.0,-76.5,30,3.1,0.0,0.0,historico,1954-03-01,17:13:00
-16.67,-71.5,40,3.7,0.0,0.0,historico,1954-03-21,11:12:00
-17.4,-70.5,30,4.0,0.0,0.0,historico,1954-03-22,17:50:00
-9.2,-78.9,40,4.1,0.0,0.0,historico,1954-03-23,20:00:00
-13.6,-72.3,30,3.9,0.0,0.0,historico,1954-04-07,12:51:00
-15.0,-69.5,223,4.7,0.0,0.0,historico,1954-04-09,01:17:37
-16.77,-71.4,25,3.9,0.0,0.0,historico,1954-04-19,00:15:00
-17.0,-71.2,30,3.8,0.0,0.0,historico,1954-04-19,06:30:00
-16.77,-71.4,25,3.9,0.0,0.0,historico,1954-04-19,09:20:00
-16.7,-71.45,35,3.4,0.0,0.0,historico,1954-05-03,17:05:00
-13.55,-71.97,30,3.0,0.0,0.0,historico,1954-05-05,03:40:00
-12.4,-77.5,40,4.1,0.0,0.0,historico,1954-05-06,14:58:00
-5.8,-77.3,30,3.9,0.0,0.0,historico,1954-05-09,10:26:00
-17.4,-70.5,30,3.6,0.0,0.0,historico,1954-05-10,09:40:00
-12.0,-76.8,90,5.0,0.0,0.0,historico,1954-05-11,21:50:00
-9.2,-78.9,40,4.6,0.0,0.0,historico,1954-05-18,10:45:00
-16.45,-71.75,25,4.2,0.0,0.0,historico,1954-05-20,19:59:00
-16.75,-71.4,30,3.4,0.0,0.0,historico,1954-05-20,20:09:00
-16.25,-71.8,15,4.6,0.0,0.0,historico,1954-05-24,19:20:00
-12.0,-68.0,0,0.0,5.7,0.0,historico,1954-05-29,07:11:37
-16.25,-71.9,15,3.9,0.0,0.0,historico,1954-05-29,13:30:00
-16.25,-71.9,40,3.4,0.0,0.0,historico,1954-05-30,00:28:00
-13.5,-72.7,25,4.1,0.0,0.0,historico,1954-06-01,21:15:00
-16.65,-71.5,25,3.9,0.0,0.0,historico,1954-06-12,02:54:00
-6.233,-77.077,100,5.8,6.6,0.0,historico,1954-06-15,08:29:59
-16.67,-71.4,30,3.3,0.0,0.0,historico,1954-06-30,00:30:00
-12.4,-77.5,40,4.1,0.0,0.0,historico,1954-07-05,11:37:00
-12.3,-77.5,30,4.3,0.0,0.0,historico,1954-07-07,15:44:00
-8.44,-77.52,25,3.7,0.0,0.0,historico,1954-07-08,04:00:00
-16.67,-71.4,30,3.3,0.0,0.0,historico,1954-07-08,09:22:00
-16.6,-71.6,15,4.6,0.0,0.0,historico,1954-07-10,00:20:00
-15.9,-73.2,20,4.4,0.0,0.0,historico,1954-07-13,16:54:00
-12.3,-77.5,30,3.9,0.0,0.0,historico,1954-07-22,05:42:00
-16.25,-71.8,30,3.3,0.0,0.0,historico,1954-08-02,02:00:00
-16.25,-71.8,30,3.3,0.0,0.0,historico,1954-08-04,04:35:00
-18.5,-69.0,140,0.0,6.2,0.0,historico,1954-08-07,04:37:24
-13.5,-71.2,15,3.8,0.0,0.0,historico,1954-08-07,15:10:00
-11.5,-77.9,40,4.3,0.0,0.0,historico,1954-08-14,18:30:00
-13.2,-77.4,30,4.7,0.0,0.0,historico,1954-08-29,03:30:00
-12.3,-77.5,40,4.2,0.0,0.0,historico,1954-08-31,11:56:00
-13.6,-76.6,80,4.7,0.0,0.0,historico,1954-09-19,13:45:00
-11.803,-77.362,40,4.8,0.0,0.0,historico,1954-09-20,09:34:00
-16.6,-71.45,30,3.2,0.0,0.0,historico,1954-09-25,20:35:00
-10.9,-78.1,40,4.2,0.0,0.0,historico,1954-09-26,04:00:00
-11.95,-77.6,40,4.3,0.0,0.0,historico,1954-10-02,18:23:00
-5.95,-77.0,100,5.0,0.0,0.0,historico,1954-10-08,02:41:00
-12.3,-77.5,40,4.2,0.0,0.0,historico,1954-10-14,22:36:00
-17.4,-70.5,30,3.1,0.0,0.0,historico,1954-10-20,06:12:00
-14.3,-75.8,80,4.6,0.0,0.0,historico,1954-10-26,10:00:00
-16.6,-71.45,30,3.2,0.0,0.0,historico,1954-11-07,04:47:00
-16.4,-71.8,30,3.3,0.0,0.0,historico,1954-11-09,16:45:00
-16.4,-71.8,30,4.0,0.0,0.0,historico,1954-11-12,01:30:00
-12.3,-77.5,40,4.0,0.0,0.0,historico,1954-12-03,13:46:00
-16.28,-71.7,30,4.1,0.0,0.0,historico,1954-12-05,02:28:00
-12.3,-77.5,40,4.3,0.0,0.0,historico,1954-12-07,06:10:00
-12.4,-77.5,40,4.1,0.0,0.0,historico,1954-12-12,18:48:00
-5.6,-80.3,90,4.8,0.0,0.0,historico,1954-12-17,16:00:00
-16.28,-71.7,30,3.2,0.0,0.0,historico,1954-12-19,04:00:00
-17.1,-71.15,30,3.9,0.0,0.0,historico,1954-12-19,05:25:00
-8.69,-77.25,20,3.8,0.0,0.0,historico,1954-12-26,03:15:00
-16.5,-71.66,20,4.4,0.0,0.0,historico,1954-12-28,12:00:00
-12.4,-77.5,40,4.1,0.0,0.0,historico,1954-12-31,13:29:00
-12.4,-77.5,40,4.1,0.0,0.0,historico,1955-01-01,12:30:00
-15.0,-75.4,64,0.0,5.9,0.0,historico,1955-01-03,13:41:57
-14.4,-71.49,25,3.8,0.0,0.0,historico,1955-01-07,22:00:00
-14.4,-71.49,30,3.2,0.0,0.0,historico,1955-01-08,02:00:00
-11.5,-77.8,40,3.7,0.0,0.0,historico,1955-02-16,11:30:00
-4.0,-79.0,0,0.0,5.7,0.0,historico,1955-02-17,03:48:34
-12.0,-76.5,30,3.1,0.0,0.0,historico,1955-02-17,11:06:00
-13.5,-71.2,15,3.8,0.0,0.0,historico,1955-02-20,07:20:00
-12.0,-76.5,30,3.1,0.0,0.0,historico,1955-02-27,19:36:00
-12.1,-76.8,90,4.8,0.0,0.0,historico,1955-03-09,08:20:00
-12.7,-77.5,40,4.3,0.0,0.0,historico,1955-03-10,18:19:00
-9.2,-78.9,40,4.9,0.0,0.0,historico,1955-03-15,01:25:00
-16.25,-71.8,30,3.6,0.0,0.0,historico,1955-03-16,04:30:00
-16.25,-71.8,30,3.8,0.0,0.0,historico,1955-03-20,23:50:00
-4.0,-80.7,30,4.2,0.0,0.0,historico,1955-04-19,04:59:00
-7.1,-80.4,30,4.7,0.0,0.0,historico,1955-04-24,19:24:00
-12.0,-76.5,30,3.3,0.0,0.0,historico,1955-05-01,21:57:00
-4.4,-81.5,30,4.1,0.0,0.0,historico,1955-05-04,12:00:00
-16.25,-71.8,30,3.8,0.0,0.0,historico,1955-05-23,08:30:00
-12.4,-77.5,40,4.6,0.0,0.0,historico,1955-06-03,12:33:00
-11.73,-76.66,30,3.8,0.0,0.0,historico,1955-06-12,09:51:00
-13.5,-72.0,20,4.1,0.0,0.0,historico,1955-06-19,21:00:00
-7.0,-80.5,40,4.2,0.0,0.0,historico,1955-06-23,12:30:00
-16.2,-71.9,40,3.4,0.0,0.0,historico,1955-07-02,14:50:00
-12.4,-77.5,30,4.0,0.0,0.0,historico,1955-07-05,03:46:00
-12.1,-76.8,90,4.6,0.0,0.0,historico,1955-07-05,12:14:00
-12.4,-77.4,40,4.0,0.0,0.0,historico,1955-07-05,19:45:00
-14.0,-78.5,50,5.0,0.0,0.0,historico,1955-07-16,08:31:43
-15.4,-74.0,60,5.9,6.8,0.0,historico,1955-07-21,06:45:40
-9.2,-78.9,40,4.3,0.0,0.0,historico,1955-08-04,12:26:00
-9.0,-71.0,650,0.0,5.7,0.0,historico,1955-08-19,11:28:50
-11.5,-75.0,30,4.2,0.0,0.0,historico,1955-08-20,13:32:00
-17.2,-70.9,25,4.1,0.0,0.0,historico,1955-08-26,21:49:00
-14.3,-75.8,80,4.6,0.0,0.0,historico,1955-08-29,04:45:00
-14.3,-75.8,80,4.3,0.0,0.0,historico,1955-08-29,06:15:00
-12.05,-76.6,30,3.5,0.0,0.0,historico,1955-08-30,06:57:00
-11.73,-76.66,30,3.1,0.0,0.0,historico,1955-08-31,05:20:00
-11.73,-76.66,30,3.4,0.0,0.0,historico,1955-09-06,14:00:00
-8.9,-75.7,30,4.3,0.0,0.0,historico,1955-09-11,21:52:00
-12.0,-76.5,30,4.0,0.0,0.0,historico,1955-09-13,17:15:00
-15.122,-73.029,25,4.6,0.0,0.0,historico,1955-10-09,16:03:00
-11.295,-76.608,30,4.0,0.0,0.0,historico,1955-10-28,05:32:00
-16.6,-71.7,30,3.3,0.0,0.0,historico,1955-11-05,10:30:00
-12.1,-76.7,90,4.5,0.0,0.0,historico,1955-11-07,14:57:00
-16.6,-71.7,30,3.3,0.0,0.0,historico,1955-11-11,03:50:00
-7.0,-80.5,40,4.8,0.0,0.0,historico,1955-11-26,15:40:00
-16.6,-71.7,30,3.8,0.0,0.0,historico,1955-12-08,05:00:00
-4.4,-81.6,30,4.5,0.0,0.0,historico,1955-12-14,15:50:00
-12.4,-77.5,30,4.0,0.0,0.0,historico,1955-12-22,06:17:00
-19.0,-70.0,11,6.3,7.1,0.0,historico,1956-01-08,15:54:13
-5.0,-79.5,33,5.3,0.0,0.0,historico,1956-02-18,05:24:20
-3.531,-78.849,35,5.8,6.5,0.0,historico,1956-03-22,01:33:55
-16.0,-74.0,0,5.5,0.0,0.0,historico,1956-05-02,21:11:17
-6.0,-82.0,33,5.2,0.0,0.0,historico,1956-05-15,07:32:59
-16.5,-72.0,60,5.3,0.0,0.0,historico,1956-05-17,00:59:57
-18.0,-74.5,33,5.1,0.0,0.0,historico,1956-06-10,10:19:40
-5.0,-80.0,0,5.0,0.0,0.0,historico,1956-08-17,00:53:25
-12.0,-78.0,33,2.8,0.0,0.0,historico,1956-09-29,06:31:40
-15.5,-75.28,0,5.8,6.5,0.0,historico,1956-10-11,21:37:44
-8.5,-77.0,60,0.0,6.4,0.0,historico,1956-10-29,10:42:08
-17.0,-71.5,100,5.2,0.0,0.0,historico,1956-11-25,09:15:10
-17.5,-72.5,33,5.6,0.0,0.0,historico,1956-12-01,16:24:54
-2.0,-76.5,100,0.0,5.6,0.0,historico,1957-01-14,23:09:15
-12.5,-78.0,0,5.7,6.3,0.0,historico,1957-01-24,02:16:29
-11.4,-76.9,90,5.8,6.6,0.0,historico,1957-02-18,18:49:52
-15.75,-75.75,33,4.8,0.0,0.0,historico,1957-02-21,15:04:47
-13.75,-76.75,33,4.0,0.0,0.0,historico,1957-05-19,00:19:32
-18.0,-70.0,150,4.7,0.0,0.0,historico,1957-08-01,07:46:23
-5.0,-81.0,0,5.3,0.0,0.0,historico,1957-08-07,03:49:24
-7.0,-74.0,100,5.8,0.0,0.0,historico,1957-10-01,18:20:50
-14.5,-76.0,100,3.9,0.0,0.0,historico,1957-10-19,21:54:48
-10.0,-75.5,100,5.8,0.0,0.0,historico,1957-11-27,22:07:55
-14.5,-73.0,200,5.2,0.0,0.0,historico,1957-12-15,17:18:25
-16.5,-72.0,60,7.0,7.0,0.0,historico,1958-01-15,14:14:29
-16.0,-74.5,33,5.2,0.0,0.0,historico,1958-02-20,22:18:25
-13.5,-76.5,0,0.0,7.0,0.0,historico,1958-03-01,04:05:40
-8.0,-74.0,150,5.5,0.0,0.0,historico,1958-04-21,07:15:28
-11.0,-74.0,0,5.8,6.5,0.0,historico,1958-04-28,06:47:40
-6.5,-75.5,150,5.6,0.0,0.0,historico,1958-05-12,16:12:16
-3.0,-77.0,29,5.8,6.5,0.0,historico,1958-05-25,16:11:45
-3.0,-77.0,27,5.6,0.0,0.0,historico,1958-05-26,03:49:47
-16.0,-75.0,33,5.1,0.0,0.0,historico,1958-06-08,10:52:23
-7.5,-80.0,33,4.9,0.0,0.0,historico,1958-06-16,09:56:58
-15.5,-70.5,150,5.7,6.5,0.0,historico,1958-06-28,22:25:42
-13.5,-69.5,630,6.9,7.3,0.0,historico,1958-07-26,12:37:09
-12.5,-68.0,650,0.0,5.6,0.0,historico,1958-07-26,13:04:42
-9.5,-80.0,33,5.1,0.0,0.0,historico,1958-09-18,16:24:42
-16.0,-72.0,100,5.2,0.0,0.0,historico,1958-12-19,06:14:40
-15.0,-75.0,33,5.0,0.0,0.0,historico,1959-01-02,23:15:47
-14.84,-75.7,0,5.8,6.4,0.0,historico,1959-01-03,06:17:39
-16.5,-71.5,150,5.4,0.0,0.0,historico,1959-01-13,14:06:40
-4.5,-82.5,33,6.0,0.0,0.0,historico,1959-01-26,15:58:50
-4.205,-81.112,40,6.2,7.4,0.0,historico,1959-02-07,04:36:54
-4.0,-82.5,33,6.4,0.0,0.0,historico,1959-02-11,14:57:05
-4.0,-81.0,33,4.9,0.0,0.0,historico,1959-04-03,14:33:50
-18.5,-71.5,33,5.2,0.0,0.0,historico,1959-04-21,11:36:42
-8.0,-76.0,100,4.8,0.0,0.0,historico,1959-04-25,15:33:36
-9.0,-78.5,33,4.5,0.0,0.0,historico,1959-05-05,00:30:15
-17.0,-72.5,33,5.8,0.0,0.0,historico,1959-06-13,17:16:24
-4.0,-81.0,33,5.4,0.0,0.0,historico,1959-06-21,22:22:51
-16.5,-69.5,200,4.9,0.0,0.0,historico,1959-07-01,05:32:29
-15.5,-75.0,33,4.3,0.0,0.0,historico,1959-07-06,03:28:20
-15.0,-70.5,200,7.1,7.0,0.0,historico,1959-07-19,10:06:10
-8.0,-79.5,33,5.1,0.0,0.0,historico,1959-08-15,13:28:57
-9.0,-75.0,100,5.5,0.0,0.0,historico,1959-08-28,02:19:12
-9.0,-79.5,33,5.0,0.0,0.0,historico,1959-10-13,15:52:25
-9.0,-80.0,33,4.4,0.0,0.0,historico,1959-12-02,02:02:52
